-- drop database formula1;
create database formula1;
use formula1;

create table circuits (
	id int primary key auto_increment,
    name varchar(45),
    city varchar(45),
    country varchar(45),
    laps int,
    length int,
    wr_time varchar(10));
    
create table drivers (
	id int primary key auto_increment,
    name varchar (45),
    board_name varchar(45),
    number varchar(2),
    country varchar(45),
    date_born date);
    
create table teams(
	id int primary key auto_increment,
    name varchar(45),
    country varchar(45),
    engine varchar(45));
    
create table seasons(
	year int primary key);
    
create table races(
	id int primary key auto_increment,
    id_season int,
    id_circuit int,
    date_race date,
    id_driver_win int,  --
    id_driver_pole int, -- fanno tutti e tre riferimento all'ID del driver
    id_driver_fastlap int,
    foreign key(id_season) references seasons(year)
    on update cascade on delete cascade,
	foreign key(id_circuit) references circuits(id)
    on update cascade on delete cascade,
    foreign key(id_driver_win) references drivers(id)
    on update cascade on delete cascade,
    foreign key(id_driver_pole) references drivers(id)
    on update cascade on delete cascade,
    foreign key(id_driver_fastlap) references drivers(id)
    on update cascade on delete cascade);
    
create table race_details (
	id int primary key auto_increment,
    id_race int,
    id_driver int,
    id_driver_team int,
    start_pos varchar(3),
    end_pos varchar(3),
    foreign key(id_driver) references drivers(id)
    on update cascade on delete cascade,
    foreign key(id_race) references races(id)
    on update cascade on delete cascade,
    foreign key(id_driver_team) references teams(id)
    on update cascade on delete cascade);
    
create table teams_stands(
	id int primary key auto_increment,
    id_season int,
    id_team int,
    points int,
    foreign key(id_season) references seasons(year)
    on update cascade on delete cascade,
    foreign key(id_team) references teams(id)
    on update cascade on delete cascade);
    
create table drivers_stands(
	id int primary key auto_increment,
    id_season int,
    id_driver int,
    id_driver_team int,
    points int,
    foreign key(id_season) references seasons(year)
    on update cascade on delete cascade,
    foreign key(id_driver) references drivers(id)
    on update cascade on delete cascade,
    foreign key(id_driver_team) references teams(id)
    on update cascade on delete cascade);
    
    
INSERT INTO TEAMS (ID, NAME, COUNTRY, ENGINE) VALUES (1, 'Ferrari','Italy','Ferrari En.');
INSERT INTO TEAMS (ID, NAME, COUNTRY, ENGINE) VALUES (2, 'Alfa Romeo','Switzerland','Ferrari En.');
INSERT INTO TEAMS (ID, NAME, COUNTRY, ENGINE) VALUES (3, 'Haas','United States','Ferrari En.');
INSERT INTO TEAMS (ID, NAME, COUNTRY, ENGINE) VALUES (4, 'Mercedes','United Kingdom','Mercedes En.');
INSERT INTO TEAMS (ID, NAME, COUNTRY, ENGINE) VALUES (5, 'Aston Martin','United Kingdom','Mercedes En.');
INSERT INTO TEAMS (ID, NAME, COUNTRY, ENGINE) VALUES (6, 'McLaren','United Kingdom','Mercedes En.');
INSERT INTO TEAMS (ID, NAME, COUNTRY, ENGINE) VALUES (7, 'Williams','United Kingdom','Mercedes En.');
INSERT INTO TEAMS (ID, NAME, COUNTRY, ENGINE) VALUES (8, 'Red Bull','United Kingdom','Honda En.');
INSERT INTO TEAMS (ID, NAME, COUNTRY, ENGINE) VALUES (9, 'Alpha Tauri','Italy','Honda En.');
INSERT INTO TEAMS (ID, NAME, COUNTRY, ENGINE) VALUES (10, 'Alpine','United Kingdom','Renault En.');

INSERT INTO DRIVERS (ID, NAME, BOARD_NAME, NUMBER, COUNTRY, DATE_BORN) VALUES (1, 'Lando Norris', 'NOR', 4, 'United Kingdom', '1999-11-13');
INSERT INTO DRIVERS (ID, NAME, BOARD_NAME, NUMBER, COUNTRY, DATE_BORN) VALUES (2, 'Sergio Perez', 'PER', 11, 'Mexico', '1990-01-26');
INSERT INTO DRIVERS (ID, NAME, BOARD_NAME, NUMBER, COUNTRY, DATE_BORN) VALUES (3, 'Fernando Alonso', 'ALO', 14, 'Spain', '1981-07-29');
INSERT INTO DRIVERS (ID, NAME, BOARD_NAME, NUMBER, COUNTRY, DATE_BORN) VALUES (4, 'Lewis Hamilton', 'HAM', 44, 'United Kingdom', '1985-01-07');
INSERT INTO DRIVERS (ID, NAME, BOARD_NAME, NUMBER, COUNTRY, DATE_BORN) VALUES (5, 'Carlos Sainz', 'SAI', 55, 'Spain', '1994-09-01');
INSERT INTO DRIVERS (ID, NAME, BOARD_NAME, NUMBER, COUNTRY, DATE_BORN) VALUES (6, 'Lance Stroll', 'STR', 18, 'Canada', '1998-10-29');
INSERT INTO DRIVERS (ID, NAME, BOARD_NAME, NUMBER, COUNTRY, DATE_BORN) VALUES (7, 'George Russell', 'RUS', 63, 'United Kingdom', '1998-02-15');
INSERT INTO DRIVERS (ID, NAME, BOARD_NAME, NUMBER, COUNTRY, DATE_BORN) VALUES (8, 'Nico Hulkenberg', 'HUL', 27, 'Germany', '1987-08-19');
INSERT INTO DRIVERS (ID, NAME, BOARD_NAME, NUMBER, COUNTRY, DATE_BORN) VALUES (9, 'Charles Leclerc', 'LEC', 16, 'Monaco', '1997-10-16');
INSERT INTO DRIVERS (ID, NAME, BOARD_NAME, NUMBER, COUNTRY, DATE_BORN) VALUES (10, 'Valtteri Bottas', 'BOT', 77, 'Finland', '1989-08-28');
INSERT INTO DRIVERS (ID, NAME, BOARD_NAME, NUMBER, COUNTRY, DATE_BORN) VALUES (11, 'Esteban Ocon', 'OCO', 31, 'France', '1996-09-17');
INSERT INTO DRIVERS (ID, NAME, BOARD_NAME, NUMBER, COUNTRY, DATE_BORN) VALUES (12, 'Oscar Piastri', 'PIA', 81, 'Australia', '2001-04-06');
INSERT INTO DRIVERS (ID, NAME, BOARD_NAME, NUMBER, COUNTRY, DATE_BORN) VALUES (13, 'Pierre Gasly ', 'GAS', 10, 'France', '1996-02-07');
INSERT INTO DRIVERS (ID, NAME, BOARD_NAME, NUMBER, COUNTRY, DATE_BORN) VALUES (14, 'Guanyu Zhou', 'ZHO', 24, 'China', '1999-05-30');
INSERT INTO DRIVERS (ID, NAME, BOARD_NAME, NUMBER, COUNTRY, DATE_BORN) VALUES (15, 'Yuki Tsunoda', 'TSU', 22, 'Japan', '2000-05-11');
INSERT INTO DRIVERS (ID, NAME, BOARD_NAME, NUMBER, COUNTRY, DATE_BORN) VALUES (16, 'Kevin Magnussen', 'MAG', 20, 'Denmark', '1992-10-05');
INSERT INTO DRIVERS (ID, NAME, BOARD_NAME, NUMBER, COUNTRY, DATE_BORN) VALUES (17, 'Alexander Albon', 'ALB', 23, 'Thailand', '1996-03-23');
INSERT INTO DRIVERS (ID, NAME, BOARD_NAME, NUMBER, COUNTRY, DATE_BORN) VALUES (18, 'Logan Sargeant', 'SAR', 2, 'United States', '2000-12-31');
INSERT INTO DRIVERS (ID, NAME, BOARD_NAME, NUMBER, COUNTRY, DATE_BORN) VALUES (19, 'Nyck de Vries', 'VRI', 21, 'Netherlands', '1995-03-06');
INSERT INTO DRIVERS (ID, NAME, BOARD_NAME, NUMBER, COUNTRY, DATE_BORN) VALUES (20, 'Max Verstappen', 'VER', 1, 'Netherlands', '1997-09-30');
INSERT INTO DRIVERS (ID, NAME, BOARD_NAME, NUMBER, COUNTRY, DATE_BORN) VALUES (21, 'Daniel Ricciardo', 'RIC', 3, 'Australia', '1989-07-01');
INSERT INTO DRIVERS (ID, NAME, BOARD_NAME, NUMBER, COUNTRY, DATE_BORN) VALUES (22, 'Sebastian Vettel', 'VET', 5, 'Germany', '1987-07-03');
INSERT INTO DRIVERS (ID, NAME, BOARD_NAME, NUMBER, COUNTRY, DATE_BORN) VALUES (23, 'Mick Schumacher', 'MSC', 47, 'Germany', '1999-03-22');
INSERT INTO DRIVERS (ID, NAME, BOARD_NAME, NUMBER, COUNTRY, DATE_BORN) VALUES (24, 'Nicholas Latifi', 'LAT', 6, 'Canada', '1995-06-29');
INSERT INTO DRIVERS (ID, NAME, BOARD_NAME, NUMBER, COUNTRY, DATE_BORN) VALUES (25, 'Liam Lawson', 'LAW', 40, 'Australia', '2002-02-11');


INSERT INTO CIRCUITS (ID, NAME, CITY, COUNTRY, LAPS, LENGTH, WR_TIME) VALUES (1, 'Albert Park Circuit', 'Melbourne', 'Australia', 58, 5278, '1:20:235');
INSERT INTO CIRCUITS (ID, NAME, CITY, COUNTRY, LAPS, LENGTH, WR_TIME) VALUES (2, 'Autodromo Enzo e Dino Ferrari', 'Imola', 'Italy', 63, 4909, '1:15:484');
INSERT INTO CIRCUITS (ID, NAME, CITY, COUNTRY, LAPS, LENGTH, WR_TIME) VALUES (3, 'Autodromo Hermanos Rodriguez', 'Mexico City', 'Mexico', 71, 4304, '1:17:774');
INSERT INTO CIRCUITS (ID, NAME, CITY, COUNTRY, LAPS, LENGTH, WR_TIME) VALUES (4, 'Autodromo Jose Carlos Pace Interlagos', 'Sao Paulo', 'Brazil', 71, 4309, '1:10:540');
INSERT INTO CIRCUITS (ID, NAME, CITY, COUNTRY, LAPS, LENGTH, WR_TIME) VALUES (5, 'Autodromo Nazionale di Monza', 'Monza', 'Italy', 53, 5793, '1:21:046');
INSERT INTO CIRCUITS (ID, NAME, CITY, COUNTRY, LAPS, LENGTH, WR_TIME) VALUES (6, 'Bahrain International Circuit', 'Sakhir', 'Bahrain', 57, 5412, '1:31:447');
INSERT INTO CIRCUITS (ID, NAME, CITY, COUNTRY, LAPS, LENGTH, WR_TIME) VALUES (7, 'Baku City Circuit', 'Baku', 'Azerbaijan', 51, 6003, '1:43:009');
INSERT INTO CIRCUITS (ID, NAME, CITY, COUNTRY, LAPS, LENGTH, WR_TIME) VALUES (8, 'Circuit de Barcelona-Catalunya', 'Montmelo', 'Spain', 66, 4675, '1:16:741');
INSERT INTO CIRCUITS (ID, NAME, CITY, COUNTRY, LAPS, LENGTH, WR_TIME) VALUES (9, 'Circuit de Monaco', 'Monte Carlo', 'Monaco', 78, 3337, '1:12:909');
INSERT INTO CIRCUITS (ID, NAME, CITY, COUNTRY, LAPS, LENGTH, WR_TIME) VALUES (10, 'Circuit de Spa - Francorchamps', 'Stavelot', 'Belgium', 44, 7004, '1:46:286');
INSERT INTO CIRCUITS (ID, NAME, CITY, COUNTRY, LAPS, LENGTH, WR_TIME) VALUES (11, 'Circuit Gilles-Villeneuve', 'Montreal', 'Canada', 70, 4361, '1:13:078');
INSERT INTO CIRCUITS (ID, NAME, CITY, COUNTRY, LAPS, LENGTH, WR_TIME) VALUES (12, 'Circuit of the Americas', 'Austin', 'United States', 56, 5513, '1:36:169');
INSERT INTO CIRCUITS (ID, NAME, CITY, COUNTRY, LAPS, LENGTH, WR_TIME) VALUES (13, 'Circuit Zandvoort', 'Zandvoort', 'Netherlands', 72, 4259, '1:11:097');
INSERT INTO CIRCUITS (ID, NAME, CITY, COUNTRY, LAPS, LENGTH, WR_TIME) VALUES (14, 'Hungaroring', 'Mogyorod', 'Hungary', 70, 4381, '1:16:627');
INSERT INTO CIRCUITS (ID, NAME, CITY, COUNTRY, LAPS, LENGTH, WR_TIME) VALUES (15, 'Jeddah Corniche Circuit', 'Jeddah', 'Saudi Arabia', 50, 6174, '1:30:734');
INSERT INTO CIRCUITS (ID, NAME, CITY, COUNTRY, LAPS, LENGTH, WR_TIME) VALUES (16, 'Las Vegas Street Circuit', 'Paradise', 'United States', 50, 6120, '1:35:490');
INSERT INTO CIRCUITS (ID, NAME, CITY, COUNTRY, LAPS, LENGTH, WR_TIME) VALUES (17, 'Losail International Circuit', 'Doha', 'Qatar', 57, 5418, '1:23:196');
INSERT INTO CIRCUITS (ID, NAME, CITY, COUNTRY, LAPS, LENGTH, WR_TIME) VALUES (18, 'Marina Bay Street Circuit', 'Marina Bay', 'Singapore', 61, 5063, '1:36:015');
INSERT INTO CIRCUITS (ID, NAME, CITY, COUNTRY, LAPS, LENGTH, WR_TIME) VALUES (19, 'Miami International Autodrome', 'Miami Gardens', 'United States', 57, 5412, '1:31:361');
INSERT INTO CIRCUITS (ID, NAME, CITY, COUNTRY, LAPS, LENGTH, WR_TIME) VALUES (20, 'Red Bull Ring', 'Spielberg', 'Austria', 71, 4318, '1:05:619');
INSERT INTO CIRCUITS (ID, NAME, CITY, COUNTRY, LAPS, LENGTH, WR_TIME) VALUES (21, 'Silverstone Circuit', 'Silverstone', 'United Kingdom', 52, 5891, '1:27:097');
INSERT INTO CIRCUITS (ID, NAME, CITY, COUNTRY, LAPS, LENGTH, WR_TIME) VALUES (22, 'Suzuka International Racing Course', 'Suzuka', 'Japan', 53, 5807, '1:30:983');
INSERT INTO CIRCUITS (ID, NAME, CITY, COUNTRY, LAPS, LENGTH, WR_TIME) VALUES (23, 'Yas Marina Circuit', 'Abu Dhabi', 'United Arab Emirates', 55, 5281, '1:26:103');
INSERT INTO CIRCUITS (ID, NAME, CITY, COUNTRY, LAPS, LENGTH, WR_TIME) VALUES (24, 'Sochi Autodrom', 'Soci', 'Russia', 53, 5848, '1:35:761');
INSERT INTO CIRCUITS (ID, NAME, CITY, COUNTRY, LAPS, LENGTH, WR_TIME) VALUES (25, 'Autodromo Internazionale del Mugello', 'Scarperia e San Piero', 'Italy', 59, 5245, '1:18:833');
INSERT INTO CIRCUITS (ID, NAME, CITY, COUNTRY, LAPS, LENGTH, WR_TIME) VALUES (26, 'Circuit Paul Ricard', 'Le Castellet', 'France', 53, 5842, '1:32:740');

INSERT INTO SEASONS (YEAR) VALUES (2023);
INSERT INTO SEASONS (YEAR) VALUES (2022);

INSERT INTO RACES (ID, ID_SEASON, ID_CIRCUIT, DATE_RACE, ID_DRIVER_WIN, ID_DRIVER_POLE, ID_DRIVER_FASTLAP) VALUES (1, 2023, 6, '2023-03-05', 20, 20, 14);
INSERT INTO RACES (ID, ID_SEASON, ID_CIRCUIT, DATE_RACE, ID_DRIVER_WIN, ID_DRIVER_POLE, ID_DRIVER_FASTLAP) VALUES (2, 2023, 15, '2023-03-19', 2, 2, 20);
INSERT INTO RACES (ID, ID_SEASON, ID_CIRCUIT, DATE_RACE, ID_DRIVER_WIN, ID_DRIVER_POLE, ID_DRIVER_FASTLAP) VALUES (3, 2023, 1, '2023-04-02', 20, 20, 2);
INSERT INTO RACES (ID, ID_SEASON, ID_CIRCUIT, DATE_RACE, ID_DRIVER_WIN, ID_DRIVER_POLE, ID_DRIVER_FASTLAP) VALUES (4, 2023, 7, '2023-04-30', 2, 9, 7);
INSERT INTO RACES (ID, ID_SEASON, ID_CIRCUIT, DATE_RACE, ID_DRIVER_WIN, ID_DRIVER_POLE, ID_DRIVER_FASTLAP) VALUES (5, 2023, 19, '2023-05-07', 20, 2, 20);
INSERT INTO RACES (ID, ID_SEASON, ID_CIRCUIT, DATE_RACE, ID_DRIVER_WIN, ID_DRIVER_POLE, ID_DRIVER_FASTLAP) VALUES (6, 2023, 2, '2023-05-21', null, null, null);
INSERT INTO RACES (ID, ID_SEASON, ID_CIRCUIT, DATE_RACE, ID_DRIVER_WIN, ID_DRIVER_POLE, ID_DRIVER_FASTLAP) VALUES (7, 2023, 9, '2023-05-28', 20, 20, 4);
INSERT INTO RACES (ID, ID_SEASON, ID_CIRCUIT, DATE_RACE, ID_DRIVER_WIN, ID_DRIVER_POLE, ID_DRIVER_FASTLAP) VALUES (8, 2023, 8, '2023-06-04', 20, 20, 20);
INSERT INTO RACES (ID, ID_SEASON, ID_CIRCUIT, DATE_RACE, ID_DRIVER_WIN, ID_DRIVER_POLE, ID_DRIVER_FASTLAP) VALUES (9, 2023, 11, '2023-06-18', 20, 20, 2);
INSERT INTO RACES (ID, ID_SEASON, ID_CIRCUIT, DATE_RACE, ID_DRIVER_WIN, ID_DRIVER_POLE, ID_DRIVER_FASTLAP) VALUES (10, 2023, 20, '2023-07-02', 20, 20, 20);
INSERT INTO RACES (ID, ID_SEASON, ID_CIRCUIT, DATE_RACE, ID_DRIVER_WIN, ID_DRIVER_POLE, ID_DRIVER_FASTLAP) VALUES (11, 2023, 21, '2023-07-09', 20, 20, 20);
INSERT INTO RACES (ID, ID_SEASON, ID_CIRCUIT, DATE_RACE, ID_DRIVER_WIN, ID_DRIVER_POLE, ID_DRIVER_FASTLAP) VALUES (12, 2023, 14, '2023-07-23', 20, 4, 20);
INSERT INTO RACES (ID, ID_SEASON, ID_CIRCUIT, DATE_RACE, ID_DRIVER_WIN, ID_DRIVER_POLE, ID_DRIVER_FASTLAP) VALUES (13, 2023, 10, '2023-07-30', 20, 9, 4);
INSERT INTO RACES (ID, ID_SEASON, ID_CIRCUIT, DATE_RACE, ID_DRIVER_WIN, ID_DRIVER_POLE, ID_DRIVER_FASTLAP) VALUES (14, 2023, 13, '2023-08-27', 20, 20, 3);
INSERT INTO RACES (ID, ID_SEASON, ID_CIRCUIT, DATE_RACE, ID_DRIVER_WIN, ID_DRIVER_POLE, ID_DRIVER_FASTLAP) VALUES (15, 2023, 5, '2023-09-03', 20, 5, 12);
INSERT INTO RACES (ID, ID_SEASON, ID_CIRCUIT, DATE_RACE, ID_DRIVER_WIN, ID_DRIVER_POLE, ID_DRIVER_FASTLAP) VALUES (16, 2023, 18, '2023-09-17', 5, 5, 4);
INSERT INTO RACES (ID, ID_SEASON, ID_CIRCUIT, DATE_RACE, ID_DRIVER_WIN, ID_DRIVER_POLE, ID_DRIVER_FASTLAP) VALUES (17, 2023, 22, '2023-09-24', 20, 20, 20);
INSERT INTO RACES (ID, ID_SEASON, ID_CIRCUIT, DATE_RACE, ID_DRIVER_WIN, ID_DRIVER_POLE, ID_DRIVER_FASTLAP) VALUES (18, 2023, 17, '2023-10-08', 20, 20, 20);
INSERT INTO RACES (ID, ID_SEASON, ID_CIRCUIT, DATE_RACE, ID_DRIVER_WIN, ID_DRIVER_POLE, ID_DRIVER_FASTLAP) VALUES (19, 2023, 12, '2023-10-22', 20, 9, 15);
INSERT INTO RACES (ID, ID_SEASON, ID_CIRCUIT, DATE_RACE, ID_DRIVER_WIN, ID_DRIVER_POLE, ID_DRIVER_FASTLAP) VALUES (20, 2023, 3, '2023-10-29', 20, 9, 4);
INSERT INTO RACES (ID, ID_SEASON, ID_CIRCUIT, DATE_RACE, ID_DRIVER_WIN, ID_DRIVER_POLE, ID_DRIVER_FASTLAP) VALUES (21, 2023, 4, '2023-11-05', 20, 20, 1);
INSERT INTO RACES (ID, ID_SEASON, ID_CIRCUIT, DATE_RACE, ID_DRIVER_WIN, ID_DRIVER_POLE, ID_DRIVER_FASTLAP) VALUES (22, 2023, 16, '2023-11-18', 20, 9, 12);
INSERT INTO RACES (ID, ID_SEASON, ID_CIRCUIT, DATE_RACE, ID_DRIVER_WIN, ID_DRIVER_POLE, ID_DRIVER_FASTLAP) VALUES (23, 2023, 23, '2023-11-26', 20, 20, 20);
INSERT INTO RACES (ID, ID_SEASON, ID_CIRCUIT, DATE_RACE, ID_DRIVER_WIN, ID_DRIVER_POLE, ID_DRIVER_FASTLAP) VALUES (24, 2022, 6, '2022-03-20', 9, 9, 9);
INSERT INTO RACES (ID, ID_SEASON, ID_CIRCUIT, DATE_RACE, ID_DRIVER_WIN, ID_DRIVER_POLE, ID_DRIVER_FASTLAP) VALUES (25, 2022, 15, '2022-03-27', 20, 2, 9);
INSERT INTO RACES (ID, ID_SEASON, ID_CIRCUIT, DATE_RACE, ID_DRIVER_WIN, ID_DRIVER_POLE, ID_DRIVER_FASTLAP) VALUES (26, 2022, 1, '2022-04-10', 9, 9, 9);
INSERT INTO RACES (ID, ID_SEASON, ID_CIRCUIT, DATE_RACE, ID_DRIVER_WIN, ID_DRIVER_POLE, ID_DRIVER_FASTLAP) VALUES (27, 2022, 2, '2022-04-24', 20, 20, 20);
INSERT INTO RACES (ID, ID_SEASON, ID_CIRCUIT, DATE_RACE, ID_DRIVER_WIN, ID_DRIVER_POLE, ID_DRIVER_FASTLAP) VALUES (28, 2022, 19, '2022-05-08', 20, 9, 20);
INSERT INTO RACES (ID, ID_SEASON, ID_CIRCUIT, DATE_RACE, ID_DRIVER_WIN, ID_DRIVER_POLE, ID_DRIVER_FASTLAP) VALUES (29, 2022, 8, '2022-05-22', 20, 9, 2);
INSERT INTO RACES (ID, ID_SEASON, ID_CIRCUIT, DATE_RACE, ID_DRIVER_WIN, ID_DRIVER_POLE, ID_DRIVER_FASTLAP) VALUES (30, 2022, 9, '2022-05-29', 2, 9, 1);
INSERT INTO RACES (ID, ID_SEASON, ID_CIRCUIT, DATE_RACE, ID_DRIVER_WIN, ID_DRIVER_POLE, ID_DRIVER_FASTLAP) VALUES (31, 2022, 7, '2022-06-12', 20, 9, 2);
INSERT INTO RACES (ID, ID_SEASON, ID_CIRCUIT, DATE_RACE, ID_DRIVER_WIN, ID_DRIVER_POLE, ID_DRIVER_FASTLAP) VALUES (32, 2022, 11, '2022-06-19', 20, 20, 5);
INSERT INTO RACES (ID, ID_SEASON, ID_CIRCUIT, DATE_RACE, ID_DRIVER_WIN, ID_DRIVER_POLE, ID_DRIVER_FASTLAP) VALUES (33, 2022, 21, '2022-07-03', 5, 5, 4);
INSERT INTO RACES (ID, ID_SEASON, ID_CIRCUIT, DATE_RACE, ID_DRIVER_WIN, ID_DRIVER_POLE, ID_DRIVER_FASTLAP) VALUES (34, 2022, 20, '2022-07-10', 9, 20, 20);
INSERT INTO RACES (ID, ID_SEASON, ID_CIRCUIT, DATE_RACE, ID_DRIVER_WIN, ID_DRIVER_POLE, ID_DRIVER_FASTLAP) VALUES (35, 2022, 26, '2022-07-24', 20, 9, 5);
INSERT INTO RACES (ID, ID_SEASON, ID_CIRCUIT, DATE_RACE, ID_DRIVER_WIN, ID_DRIVER_POLE, ID_DRIVER_FASTLAP) VALUES (36, 2022, 14, '2022-07-31', 20, 7, 4);
INSERT INTO RACES (ID, ID_SEASON, ID_CIRCUIT, DATE_RACE, ID_DRIVER_WIN, ID_DRIVER_POLE, ID_DRIVER_FASTLAP) VALUES (37, 2022, 10, '2022-08-28', 20, 5, 20);
INSERT INTO RACES (ID, ID_SEASON, ID_CIRCUIT, DATE_RACE, ID_DRIVER_WIN, ID_DRIVER_POLE, ID_DRIVER_FASTLAP) VALUES (38, 2022, 13, '2022-09-04', 20, 20, 20);
INSERT INTO RACES (ID, ID_SEASON, ID_CIRCUIT, DATE_RACE, ID_DRIVER_WIN, ID_DRIVER_POLE, ID_DRIVER_FASTLAP) VALUES (39, 2022, 5, '2022-09-11', 20, 9, 2);
INSERT INTO RACES (ID, ID_SEASON, ID_CIRCUIT, DATE_RACE, ID_DRIVER_WIN, ID_DRIVER_POLE, ID_DRIVER_FASTLAP) VALUES (40, 2022, 18, '2022-10-02', 2, 9, 7);
INSERT INTO RACES (ID, ID_SEASON, ID_CIRCUIT, DATE_RACE, ID_DRIVER_WIN, ID_DRIVER_POLE, ID_DRIVER_FASTLAP) VALUES (41, 2022, 22, '2022-10-09', 20, 20, 14);
INSERT INTO RACES (ID, ID_SEASON, ID_CIRCUIT, DATE_RACE, ID_DRIVER_WIN, ID_DRIVER_POLE, ID_DRIVER_FASTLAP) VALUES (42, 2022, 12, '2022-10-23', 20, 5, 7);
INSERT INTO RACES (ID, ID_SEASON, ID_CIRCUIT, DATE_RACE, ID_DRIVER_WIN, ID_DRIVER_POLE, ID_DRIVER_FASTLAP) VALUES (43, 2022, 3, '2022-10-30', 20, 20, 7);
INSERT INTO RACES (ID, ID_SEASON, ID_CIRCUIT, DATE_RACE, ID_DRIVER_WIN, ID_DRIVER_POLE, ID_DRIVER_FASTLAP) VALUES (44, 2022, 4, '2022-11-13', 7, 16, 7);
INSERT INTO RACES (ID, ID_SEASON, ID_CIRCUIT, DATE_RACE, ID_DRIVER_WIN, ID_DRIVER_POLE, ID_DRIVER_FASTLAP) VALUES (45, 2022, 23, '2022-11-20', 20, 20, 1);


INSERT INTO RACE_DETAILS (ID_RACE, ID_DRIVER, ID_DRIVER_TEAM, START_POS, END_POS) VALUES (1, 20, 8, '1', '1');
INSERT INTO RACE_DETAILS (ID_RACE, ID_DRIVER, ID_DRIVER_TEAM, START_POS, END_POS) VALUES (1, 2, 8, '2', '2');
INSERT INTO RACE_DETAILS (ID_RACE, ID_DRIVER, ID_DRIVER_TEAM, START_POS, END_POS) VALUES (1, 3, 5, '5', '3');
INSERT INTO RACE_DETAILS (ID_RACE, ID_DRIVER, ID_DRIVER_TEAM, START_POS, END_POS) VALUES (1, 5, 1, '4', '4');
INSERT INTO RACE_DETAILS (ID_RACE, ID_DRIVER, ID_DRIVER_TEAM, START_POS, END_POS) VALUES (1, 4, 4, '7', '5');
INSERT INTO RACE_DETAILS (ID_RACE, ID_DRIVER, ID_DRIVER_TEAM, START_POS, END_POS) VALUES (1, 6, 5, '8', '6');
INSERT INTO RACE_DETAILS (ID_RACE, ID_DRIVER, ID_DRIVER_TEAM, START_POS, END_POS) VALUES (1, 7, 4, '6', '7');
INSERT INTO RACE_DETAILS (ID_RACE, ID_DRIVER, ID_DRIVER_TEAM, START_POS, END_POS) VALUES (1, 10, 2, '12', '8');
INSERT INTO RACE_DETAILS (ID_RACE, ID_DRIVER, ID_DRIVER_TEAM, START_POS, END_POS) VALUES (1, 12, 10, '21', '9');
INSERT INTO RACE_DETAILS (ID_RACE, ID_DRIVER, ID_DRIVER_TEAM, START_POS, END_POS) VALUES (1, 17, 7, '15', '10');
INSERT INTO RACE_DETAILS (ID_RACE, ID_DRIVER, ID_DRIVER_TEAM, START_POS, END_POS) VALUES (1, 15, 9, '14', '11');
INSERT INTO RACE_DETAILS (ID_RACE, ID_DRIVER, ID_DRIVER_TEAM, START_POS, END_POS) VALUES (1, 18, 7, '16', '12');
INSERT INTO RACE_DETAILS (ID_RACE, ID_DRIVER, ID_DRIVER_TEAM, START_POS, END_POS) VALUES (1, 16, 3, '17', '13');
INSERT INTO RACE_DETAILS (ID_RACE, ID_DRIVER, ID_DRIVER_TEAM, START_POS, END_POS) VALUES (1, 19, 9, '19', '14');
INSERT INTO RACE_DETAILS (ID_RACE, ID_DRIVER, ID_DRIVER_TEAM, START_POS, END_POS) VALUES (1, 8, 3, '10', '15');
INSERT INTO RACE_DETAILS (ID_RACE, ID_DRIVER, ID_DRIVER_TEAM, START_POS, END_POS) VALUES (1, 14, 2, '13', '16');
INSERT INTO RACE_DETAILS (ID_RACE, ID_DRIVER, ID_DRIVER_TEAM, START_POS, END_POS) VALUES (1, 1, 6, '11', '17');
INSERT INTO RACE_DETAILS (ID_RACE, ID_DRIVER, ID_DRIVER_TEAM, START_POS, END_POS) VALUES (1, 11, 10, '9', 'OUT');
INSERT INTO RACE_DETAILS (ID_RACE, ID_DRIVER, ID_DRIVER_TEAM, START_POS, END_POS) VALUES (1, 9, 1, '3', 'OUT');
INSERT INTO RACE_DETAILS (ID_RACE, ID_DRIVER, ID_DRIVER_TEAM, START_POS, END_POS) VALUES (1, 12, 6, '18', 'OUT');
INSERT INTO RACE_DETAILS (ID_RACE, ID_DRIVER, ID_DRIVER_TEAM, START_POS, END_POS) VALUES (2, 2, 8, '1', '1');
INSERT INTO RACE_DETAILS (ID_RACE, ID_DRIVER, ID_DRIVER_TEAM, START_POS, END_POS) VALUES (2, 20, 8, '15', '2');
INSERT INTO RACE_DETAILS (ID_RACE, ID_DRIVER, ID_DRIVER_TEAM, START_POS, END_POS) VALUES (2, 3, 5, '2', '3');
INSERT INTO RACE_DETAILS (ID_RACE, ID_DRIVER, ID_DRIVER_TEAM, START_POS, END_POS) VALUES (2, 7, 4, '3', '4');
INSERT INTO RACE_DETAILS (ID_RACE, ID_DRIVER, ID_DRIVER_TEAM, START_POS, END_POS) VALUES (2, 4, 4, '7', '5');
INSERT INTO RACE_DETAILS (ID_RACE, ID_DRIVER, ID_DRIVER_TEAM, START_POS, END_POS) VALUES (2, 5, 1, '4', '6');
INSERT INTO RACE_DETAILS (ID_RACE, ID_DRIVER, ID_DRIVER_TEAM, START_POS, END_POS) VALUES (2, 9, 1, '12', '7');
INSERT INTO RACE_DETAILS (ID_RACE, ID_DRIVER, ID_DRIVER_TEAM, START_POS, END_POS) VALUES (2, 11, 10, '6', '8');
INSERT INTO RACE_DETAILS (ID_RACE, ID_DRIVER, ID_DRIVER_TEAM, START_POS, END_POS) VALUES (2, 13, 10, '9', '9');
INSERT INTO RACE_DETAILS (ID_RACE, ID_DRIVER, ID_DRIVER_TEAM, START_POS, END_POS) VALUES (2, 16, 3, '13', '10');
INSERT INTO RACE_DETAILS (ID_RACE, ID_DRIVER, ID_DRIVER_TEAM, START_POS, END_POS) VALUES (2, 15, 9, '16', '11');
INSERT INTO RACE_DETAILS (ID_RACE, ID_DRIVER, ID_DRIVER_TEAM, START_POS, END_POS) VALUES (2, 8, 3, '10', '12');
INSERT INTO RACE_DETAILS (ID_RACE, ID_DRIVER, ID_DRIVER_TEAM, START_POS, END_POS) VALUES (2, 14, 2, '11', '13');
INSERT INTO RACE_DETAILS (ID_RACE, ID_DRIVER, ID_DRIVER_TEAM, START_POS, END_POS) VALUES (2, 19, 9, '18', '14');
INSERT INTO RACE_DETAILS (ID_RACE, ID_DRIVER, ID_DRIVER_TEAM, START_POS, END_POS) VALUES (2, 12, 6, '8', '15');
INSERT INTO RACE_DETAILS (ID_RACE, ID_DRIVER, ID_DRIVER_TEAM, START_POS, END_POS) VALUES (2, 18, 7, '20', '16');
INSERT INTO RACE_DETAILS (ID_RACE, ID_DRIVER, ID_DRIVER_TEAM, START_POS, END_POS) VALUES (2, 1, 6, '19', '17');
INSERT INTO RACE_DETAILS (ID_RACE, ID_DRIVER, ID_DRIVER_TEAM, START_POS, END_POS) VALUES (2, 10, 2, '14', '18');
INSERT INTO RACE_DETAILS (ID_RACE, ID_DRIVER, ID_DRIVER_TEAM, START_POS, END_POS) VALUES (2, 17, 7, '17', 'OUT');
INSERT INTO RACE_DETAILS (ID_RACE, ID_DRIVER, ID_DRIVER_TEAM, START_POS, END_POS) VALUES (2, 6, 5, '5', 'OUT');
INSERT INTO RACE_DETAILS (ID_RACE, ID_DRIVER, ID_DRIVER_TEAM, START_POS, END_POS) VALUES (3, 20, 8, '1', '1');
INSERT INTO RACE_DETAILS (ID_RACE, ID_DRIVER, ID_DRIVER_TEAM, START_POS, END_POS) VALUES (3, 4, 4, '3', '2');
INSERT INTO RACE_DETAILS (ID_RACE, ID_DRIVER, ID_DRIVER_TEAM, START_POS, END_POS) VALUES (3, 3, 5, '4', '3');
INSERT INTO RACE_DETAILS (ID_RACE, ID_DRIVER, ID_DRIVER_TEAM, START_POS, END_POS) VALUES (3, 6, 5, '6', '4');
INSERT INTO RACE_DETAILS (ID_RACE, ID_DRIVER, ID_DRIVER_TEAM, START_POS, END_POS) VALUES (3, 2, 8, 'PL', '5');
INSERT INTO RACE_DETAILS (ID_RACE, ID_DRIVER, ID_DRIVER_TEAM, START_POS, END_POS) VALUES (3, 1, 6, '13', '6');
INSERT INTO RACE_DETAILS (ID_RACE, ID_DRIVER, ID_DRIVER_TEAM, START_POS, END_POS) VALUES (3, 8, 3, '10', '7');
INSERT INTO RACE_DETAILS (ID_RACE, ID_DRIVER, ID_DRIVER_TEAM, START_POS, END_POS) VALUES (3, 12, 6, '16', '8');
INSERT INTO RACE_DETAILS (ID_RACE, ID_DRIVER, ID_DRIVER_TEAM, START_POS, END_POS) VALUES (3, 14, 2, '17', '9');
INSERT INTO RACE_DETAILS (ID_RACE, ID_DRIVER, ID_DRIVER_TEAM, START_POS, END_POS) VALUES (3, 15, 9, '12', '10');
INSERT INTO RACE_DETAILS (ID_RACE, ID_DRIVER, ID_DRIVER_TEAM, START_POS, END_POS) VALUES (3, 10, 2, 'PL', '11');
INSERT INTO RACE_DETAILS (ID_RACE, ID_DRIVER, ID_DRIVER_TEAM, START_POS, END_POS) VALUES (3, 5, 1, '5', '12');
INSERT INTO RACE_DETAILS (ID_RACE, ID_DRIVER, ID_DRIVER_TEAM, START_POS, END_POS) VALUES (3, 13, 10, '9', '13');
INSERT INTO RACE_DETAILS (ID_RACE, ID_DRIVER, ID_DRIVER_TEAM, START_POS, END_POS) VALUES (3, 11, 10, '11', '14');
INSERT INTO RACE_DETAILS (ID_RACE, ID_DRIVER, ID_DRIVER_TEAM, START_POS, END_POS) VALUES (3, 19, 9, '15', '15');
INSERT INTO RACE_DETAILS (ID_RACE, ID_DRIVER, ID_DRIVER_TEAM, START_POS, END_POS) VALUES (3, 18, 7, '18', '16');
INSERT INTO RACE_DETAILS (ID_RACE, ID_DRIVER, ID_DRIVER_TEAM, START_POS, END_POS) VALUES (3, 16, 3, '14', '17');
INSERT INTO RACE_DETAILS (ID_RACE, ID_DRIVER, ID_DRIVER_TEAM, START_POS, END_POS) VALUES (3, 6, 4, '2', 'OUT');
INSERT INTO RACE_DETAILS (ID_RACE, ID_DRIVER, ID_DRIVER_TEAM, START_POS, END_POS) VALUES (3, 17, 7, '8', 'OUT');
INSERT INTO RACE_DETAILS (ID_RACE, ID_DRIVER, ID_DRIVER_TEAM, START_POS, END_POS) VALUES (3, 9, 1, '7', 'OUT');
INSERT INTO RACE_DETAILS (ID_RACE, ID_DRIVER, ID_DRIVER_TEAM, START_POS, END_POS) VALUES (24, 9, 1, '1', '1');
INSERT INTO RACE_DETAILS (ID_RACE, ID_DRIVER, ID_DRIVER_TEAM, START_POS, END_POS) VALUES (24, 5, 1, '3', '2');
INSERT INTO RACE_DETAILS (ID_RACE, ID_DRIVER, ID_DRIVER_TEAM, START_POS, END_POS) VALUES (24, 4, 4, '5', '3');
INSERT INTO RACE_DETAILS (ID_RACE, ID_DRIVER, ID_DRIVER_TEAM, START_POS, END_POS) VALUES (24, 7, 4, '9', '4');
INSERT INTO RACE_DETAILS (ID_RACE, ID_DRIVER, ID_DRIVER_TEAM, START_POS, END_POS) VALUES (24, 16, 3, '7', '5');
INSERT INTO RACE_DETAILS (ID_RACE, ID_DRIVER, ID_DRIVER_TEAM, START_POS, END_POS) VALUES (24, 10, 2, '6', '6');
INSERT INTO RACE_DETAILS (ID_RACE, ID_DRIVER, ID_DRIVER_TEAM, START_POS, END_POS) VALUES (24, 11, 10, '11', '7');
INSERT INTO RACE_DETAILS (ID_RACE, ID_DRIVER, ID_DRIVER_TEAM, START_POS, END_POS) VALUES (24, 15, 9, '16', '8');
INSERT INTO RACE_DETAILS (ID_RACE, ID_DRIVER, ID_DRIVER_TEAM, START_POS, END_POS) VALUES (24, 3, 10, '8', '9');
INSERT INTO RACE_DETAILS (ID_RACE, ID_DRIVER, ID_DRIVER_TEAM, START_POS, END_POS) VALUES (24, 14, 2, '15', '10');
INSERT INTO RACE_DETAILS (ID_RACE, ID_DRIVER, ID_DRIVER_TEAM, START_POS, END_POS) VALUES (24, 23, 3, '12', '11');
INSERT INTO RACE_DETAILS (ID_RACE, ID_DRIVER, ID_DRIVER_TEAM, START_POS, END_POS) VALUES (24, 6, 5, '19', '12');
INSERT INTO RACE_DETAILS (ID_RACE, ID_DRIVER, ID_DRIVER_TEAM, START_POS, END_POS) VALUES (24, 17, 7, '14', '13');
INSERT INTO RACE_DETAILS (ID_RACE, ID_DRIVER, ID_DRIVER_TEAM, START_POS, END_POS) VALUES (24, 21, 6, '18', '14');
INSERT INTO RACE_DETAILS (ID_RACE, ID_DRIVER, ID_DRIVER_TEAM, START_POS, END_POS) VALUES (24, 1, 6, '13', '15');
INSERT INTO RACE_DETAILS (ID_RACE, ID_DRIVER, ID_DRIVER_TEAM, START_POS, END_POS) VALUES (24, 24, 7, '20', '16');
INSERT INTO RACE_DETAILS (ID_RACE, ID_DRIVER, ID_DRIVER_TEAM, START_POS, END_POS) VALUES (24, 8, 5, '17', '17');
INSERT INTO RACE_DETAILS (ID_RACE, ID_DRIVER, ID_DRIVER_TEAM, START_POS, END_POS) VALUES (24, 2, 8, '4', '18');
INSERT INTO RACE_DETAILS (ID_RACE, ID_DRIVER, ID_DRIVER_TEAM, START_POS, END_POS) VALUES (24, 20, 8, '2', '19');
INSERT INTO RACE_DETAILS (ID_RACE, ID_DRIVER, ID_DRIVER_TEAM, START_POS, END_POS) VALUES (24, 13, 9, '10', 'OUT');
INSERT INTO RACE_DETAILS (ID_RACE, ID_DRIVER, ID_DRIVER_TEAM, START_POS, END_POS) VALUES (25, 20, 8, '4', '1');
INSERT INTO RACE_DETAILS (ID_RACE, ID_DRIVER, ID_DRIVER_TEAM, START_POS, END_POS) VALUES (25, 9, 1, '2', '2');
INSERT INTO RACE_DETAILS (ID_RACE, ID_DRIVER, ID_DRIVER_TEAM, START_POS, END_POS) VALUES (25, 5, 1, '3', '3');
INSERT INTO RACE_DETAILS (ID_RACE, ID_DRIVER, ID_DRIVER_TEAM, START_POS, END_POS) VALUES (25, 2, 8, '1', '4');
INSERT INTO RACE_DETAILS (ID_RACE, ID_DRIVER, ID_DRIVER_TEAM, START_POS, END_POS) VALUES (25, 7, 4, '6', '5');
INSERT INTO RACE_DETAILS (ID_RACE, ID_DRIVER, ID_DRIVER_TEAM, START_POS, END_POS) VALUES (25, 11, 10, '5', '6');
INSERT INTO RACE_DETAILS (ID_RACE, ID_DRIVER, ID_DRIVER_TEAM, START_POS, END_POS) VALUES (25, 1, 6, '11', '7');
INSERT INTO RACE_DETAILS (ID_RACE, ID_DRIVER, ID_DRIVER_TEAM, START_POS, END_POS) VALUES (25, 13, 9, '9', '8');
INSERT INTO RACE_DETAILS (ID_RACE, ID_DRIVER, ID_DRIVER_TEAM, START_POS, END_POS) VALUES (25, 16, 3, '10', '9');
INSERT INTO RACE_DETAILS (ID_RACE, ID_DRIVER, ID_DRIVER_TEAM, START_POS, END_POS) VALUES (25, 4, 4, '15', '10');
INSERT INTO RACE_DETAILS (ID_RACE, ID_DRIVER, ID_DRIVER_TEAM, START_POS, END_POS) VALUES (25, 14, 2, '12', '11');
INSERT INTO RACE_DETAILS (ID_RACE, ID_DRIVER, ID_DRIVER_TEAM, START_POS, END_POS) VALUES (25, 8, 5, '17', '12');
INSERT INTO RACE_DETAILS (ID_RACE, ID_DRIVER, ID_DRIVER_TEAM, START_POS, END_POS) VALUES (25, 6, 5, '13', '13');
INSERT INTO RACE_DETAILS (ID_RACE, ID_DRIVER, ID_DRIVER_TEAM, START_POS, END_POS) VALUES (25, 17, 7, '16', '14');
INSERT INTO RACE_DETAILS (ID_RACE, ID_DRIVER, ID_DRIVER_TEAM, START_POS, END_POS) VALUES (25, 10, 2, '8', 'OUT');
INSERT INTO RACE_DETAILS (ID_RACE, ID_DRIVER, ID_DRIVER_TEAM, START_POS, END_POS) VALUES (25, 3, 10, '7', 'OUT');
INSERT INTO RACE_DETAILS (ID_RACE, ID_DRIVER, ID_DRIVER_TEAM, START_POS, END_POS) VALUES (25, 21, 6, '14', 'OUT');
INSERT INTO RACE_DETAILS (ID_RACE, ID_DRIVER, ID_DRIVER_TEAM, START_POS, END_POS) VALUES (25, 24, 7, '18', 'OUT');
INSERT INTO RACE_DETAILS (ID_RACE, ID_DRIVER, ID_DRIVER_TEAM, START_POS, END_POS) VALUES (25, 23, 3, null, null);
INSERT INTO RACE_DETAILS (ID_RACE, ID_DRIVER, ID_DRIVER_TEAM, START_POS, END_POS) VALUES (25, 15, 9, null, null);
INSERT INTO RACE_DETAILS (ID_RACE, ID_DRIVER, ID_DRIVER_TEAM, START_POS, END_POS) VALUES (26, 9, 1, '1', '1');
INSERT INTO RACE_DETAILS (ID_RACE, ID_DRIVER, ID_DRIVER_TEAM, START_POS, END_POS) VALUES (26, 2, 8, '3', '2');
INSERT INTO RACE_DETAILS (ID_RACE, ID_DRIVER, ID_DRIVER_TEAM, START_POS, END_POS) VALUES (26, 7, 4, '6', '3');
INSERT INTO RACE_DETAILS (ID_RACE, ID_DRIVER, ID_DRIVER_TEAM, START_POS, END_POS) VALUES (26, 4, 4, '5', '4');
INSERT INTO RACE_DETAILS (ID_RACE, ID_DRIVER, ID_DRIVER_TEAM, START_POS, END_POS) VALUES (26, 1, 6, '4', '5');
INSERT INTO RACE_DETAILS (ID_RACE, ID_DRIVER, ID_DRIVER_TEAM, START_POS, END_POS) VALUES (26, 21, 6, '7', '6');
INSERT INTO RACE_DETAILS (ID_RACE, ID_DRIVER, ID_DRIVER_TEAM, START_POS, END_POS) VALUES (26, 11, 10, '8', '7');
INSERT INTO RACE_DETAILS (ID_RACE, ID_DRIVER, ID_DRIVER_TEAM, START_POS, END_POS) VALUES (26, 10, 2, '12', '8');
INSERT INTO RACE_DETAILS (ID_RACE, ID_DRIVER, ID_DRIVER_TEAM, START_POS, END_POS) VALUES (26, 13, 9, '11', '9');
INSERT INTO RACE_DETAILS (ID_RACE, ID_DRIVER, ID_DRIVER_TEAM, START_POS, END_POS) VALUES (26, 17, 7, '20', '10');
INSERT INTO RACE_DETAILS (ID_RACE, ID_DRIVER, ID_DRIVER_TEAM, START_POS, END_POS) VALUES (26, 14, 2, '14', '11');
INSERT INTO RACE_DETAILS (ID_RACE, ID_DRIVER, ID_DRIVER_TEAM, START_POS, END_POS) VALUES (26, 6, 5, '19', '12');
INSERT INTO RACE_DETAILS (ID_RACE, ID_DRIVER, ID_DRIVER_TEAM, START_POS, END_POS) VALUES (26, 23, 3, '15', '13');
INSERT INTO RACE_DETAILS (ID_RACE, ID_DRIVER, ID_DRIVER_TEAM, START_POS, END_POS) VALUES (26, 16, 3, '16', '14');
INSERT INTO RACE_DETAILS (ID_RACE, ID_DRIVER, ID_DRIVER_TEAM, START_POS, END_POS) VALUES (26, 15, 9, '13', '15');
INSERT INTO RACE_DETAILS (ID_RACE, ID_DRIVER, ID_DRIVER_TEAM, START_POS, END_POS) VALUES (26, 24, 7, '18', '16');
INSERT INTO RACE_DETAILS (ID_RACE, ID_DRIVER, ID_DRIVER_TEAM, START_POS, END_POS) VALUES (26, 3, 10, '10', '17');
INSERT INTO RACE_DETAILS (ID_RACE, ID_DRIVER, ID_DRIVER_TEAM, START_POS, END_POS) VALUES (26, 20, 8, '2', 'OUT');
INSERT INTO RACE_DETAILS (ID_RACE, ID_DRIVER, ID_DRIVER_TEAM, START_POS, END_POS) VALUES (26, 22, 5, '17', 'OUT');
INSERT INTO RACE_DETAILS (ID_RACE, ID_DRIVER, ID_DRIVER_TEAM, START_POS, END_POS) VALUES (26, 5, 1, '9', 'OUT');
INSERT INTO RACE_DETAILS (ID_RACE, ID_DRIVER, ID_DRIVER_TEAM, START_POS, END_POS) VALUES (27, 20, 8, '1', '1');
INSERT INTO RACE_DETAILS (ID_RACE, ID_DRIVER, ID_DRIVER_TEAM, START_POS, END_POS) VALUES (27, 2, 8, '3', '2');
INSERT INTO RACE_DETAILS (ID_RACE, ID_DRIVER, ID_DRIVER_TEAM, START_POS, END_POS) VALUES (27, 1, 6, '5', '3');
INSERT INTO RACE_DETAILS (ID_RACE, ID_DRIVER, ID_DRIVER_TEAM, START_POS, END_POS) VALUES (27, 7, 4, '11', '4');
INSERT INTO RACE_DETAILS (ID_RACE, ID_DRIVER, ID_DRIVER_TEAM, START_POS, END_POS) VALUES (27, 10, 2, '7', '5');
INSERT INTO RACE_DETAILS (ID_RACE, ID_DRIVER, ID_DRIVER_TEAM, START_POS, END_POS) VALUES (27, 9, 1, '2', '6');
INSERT INTO RACE_DETAILS (ID_RACE, ID_DRIVER, ID_DRIVER_TEAM, START_POS, END_POS) VALUES (27, 15, 9, '12', '7');
INSERT INTO RACE_DETAILS (ID_RACE, ID_DRIVER, ID_DRIVER_TEAM, START_POS, END_POS) VALUES (27, 22, 5, '13', '8');
INSERT INTO RACE_DETAILS (ID_RACE, ID_DRIVER, ID_DRIVER_TEAM, START_POS, END_POS) VALUES (27, 16, 3, '8', '9');
INSERT INTO RACE_DETAILS (ID_RACE, ID_DRIVER, ID_DRIVER_TEAM, START_POS, END_POS) VALUES (27, 6, 5, '15', '10');
INSERT INTO RACE_DETAILS (ID_RACE, ID_DRIVER, ID_DRIVER_TEAM, START_POS, END_POS) VALUES (27, 17, 7, '18', '11');
INSERT INTO RACE_DETAILS (ID_RACE, ID_DRIVER, ID_DRIVER_TEAM, START_POS, END_POS) VALUES (27, 13, 9, '17', '12');
INSERT INTO RACE_DETAILS (ID_RACE, ID_DRIVER, ID_DRIVER_TEAM, START_POS, END_POS) VALUES (27, 4, 4, '14', '13');
INSERT INTO RACE_DETAILS (ID_RACE, ID_DRIVER, ID_DRIVER_TEAM, START_POS, END_POS) VALUES (27, 11, 10, '16', '14');
INSERT INTO RACE_DETAILS (ID_RACE, ID_DRIVER, ID_DRIVER_TEAM, START_POS, END_POS) VALUES (27, 14, 2, 'PL', '15');
INSERT INTO RACE_DETAILS (ID_RACE, ID_DRIVER, ID_DRIVER_TEAM, START_POS, END_POS) VALUES (27, 24, 7, '19', '16');
INSERT INTO RACE_DETAILS (ID_RACE, ID_DRIVER, ID_DRIVER_TEAM, START_POS, END_POS) VALUES (27, 23, 3, '10', '17');
INSERT INTO RACE_DETAILS (ID_RACE, ID_DRIVER, ID_DRIVER_TEAM, START_POS, END_POS) VALUES (27, 21, 6, '6', '18');
INSERT INTO RACE_DETAILS (ID_RACE, ID_DRIVER, ID_DRIVER_TEAM, START_POS, END_POS) VALUES (27, 3, 10, '9', 'OUT');
INSERT INTO RACE_DETAILS (ID_RACE, ID_DRIVER, ID_DRIVER_TEAM, START_POS, END_POS) VALUES (27, 5, 1, '4', 'OUT');
INSERT INTO RACE_DETAILS (ID_RACE, ID_DRIVER, ID_DRIVER_TEAM, START_POS, END_POS) VALUES (28, 20, 8, '3', '1');
INSERT INTO RACE_DETAILS (ID_RACE, ID_DRIVER, ID_DRIVER_TEAM, START_POS, END_POS) VALUES (28, 9, 1, '1', '2');
INSERT INTO RACE_DETAILS (ID_RACE, ID_DRIVER, ID_DRIVER_TEAM, START_POS, END_POS) VALUES (28, 5, 1, '2', '3');
INSERT INTO RACE_DETAILS (ID_RACE, ID_DRIVER, ID_DRIVER_TEAM, START_POS, END_POS) VALUES (28, 2, 8, '4', '4');
INSERT INTO RACE_DETAILS (ID_RACE, ID_DRIVER, ID_DRIVER_TEAM, START_POS, END_POS) VALUES (28, 7, 4, '12', '5');
INSERT INTO RACE_DETAILS (ID_RACE, ID_DRIVER, ID_DRIVER_TEAM, START_POS, END_POS) VALUES (28, 4, 4, '6', '6');
INSERT INTO RACE_DETAILS (ID_RACE, ID_DRIVER, ID_DRIVER_TEAM, START_POS, END_POS) VALUES (28, 10, 2, '5', '7');
INSERT INTO RACE_DETAILS (ID_RACE, ID_DRIVER, ID_DRIVER_TEAM, START_POS, END_POS) VALUES (28, 11, 10, '20', '8');
INSERT INTO RACE_DETAILS (ID_RACE, ID_DRIVER, ID_DRIVER_TEAM, START_POS, END_POS) VALUES (28, 17, 7, '18', '9');
INSERT INTO RACE_DETAILS (ID_RACE, ID_DRIVER, ID_DRIVER_TEAM, START_POS, END_POS) VALUES (28, 6, 5, 'PL', '10');
INSERT INTO RACE_DETAILS (ID_RACE, ID_DRIVER, ID_DRIVER_TEAM, START_POS, END_POS) VALUES (28, 3, 10, '11', '11');
INSERT INTO RACE_DETAILS (ID_RACE, ID_DRIVER, ID_DRIVER_TEAM, START_POS, END_POS) VALUES (28, 15, 9, '9', '12');
INSERT INTO RACE_DETAILS (ID_RACE, ID_DRIVER, ID_DRIVER_TEAM, START_POS, END_POS) VALUES (28, 21, 6, '14', '13');
INSERT INTO RACE_DETAILS (ID_RACE, ID_DRIVER, ID_DRIVER_TEAM, START_POS, END_POS) VALUES (28, 24, 7, '19', '14');
INSERT INTO RACE_DETAILS (ID_RACE, ID_DRIVER, ID_DRIVER_TEAM, START_POS, END_POS) VALUES (28, 23, 3, '15', '15');
INSERT INTO RACE_DETAILS (ID_RACE, ID_DRIVER, ID_DRIVER_TEAM, START_POS, END_POS) VALUES (28, 16, 3, '16', '16');
INSERT INTO RACE_DETAILS (ID_RACE, ID_DRIVER, ID_DRIVER_TEAM, START_POS, END_POS) VALUES (28, 22, 5, 'PL', '17');
INSERT INTO RACE_DETAILS (ID_RACE, ID_DRIVER, ID_DRIVER_TEAM, START_POS, END_POS) VALUES (28, 13, 9, '7', '18');
INSERT INTO RACE_DETAILS (ID_RACE, ID_DRIVER, ID_DRIVER_TEAM, START_POS, END_POS) VALUES (28, 1, 6, '8', '19');
INSERT INTO RACE_DETAILS (ID_RACE, ID_DRIVER, ID_DRIVER_TEAM, START_POS, END_POS) VALUES (28, 14, 2, '17', '20');
INSERT INTO RACE_DETAILS (ID_RACE, ID_DRIVER, ID_DRIVER_TEAM, START_POS, END_POS) VALUES (29, 20, 8, '2', '1');
INSERT INTO RACE_DETAILS (ID_RACE, ID_DRIVER, ID_DRIVER_TEAM, START_POS, END_POS) VALUES (29, 2, 8, '5', '2');
INSERT INTO RACE_DETAILS (ID_RACE, ID_DRIVER, ID_DRIVER_TEAM, START_POS, END_POS) VALUES (29, 7, 4, '4', '3');
INSERT INTO RACE_DETAILS (ID_RACE, ID_DRIVER, ID_DRIVER_TEAM, START_POS, END_POS) VALUES (29, 5, 1, '3', '4');
INSERT INTO RACE_DETAILS (ID_RACE, ID_DRIVER, ID_DRIVER_TEAM, START_POS, END_POS) VALUES (29, 4, 4, '6', '5');
INSERT INTO RACE_DETAILS (ID_RACE, ID_DRIVER, ID_DRIVER_TEAM, START_POS, END_POS) VALUES (29, 10, 2, '7', '6');
INSERT INTO RACE_DETAILS (ID_RACE, ID_DRIVER, ID_DRIVER_TEAM, START_POS, END_POS) VALUES (29, 11, 10, '12', '7');
INSERT INTO RACE_DETAILS (ID_RACE, ID_DRIVER, ID_DRIVER_TEAM, START_POS, END_POS) VALUES (29, 1, 6, '11', '8');
INSERT INTO RACE_DETAILS (ID_RACE, ID_DRIVER, ID_DRIVER_TEAM, START_POS, END_POS) VALUES (29, 3, 10, '20', '9');
INSERT INTO RACE_DETAILS (ID_RACE, ID_DRIVER, ID_DRIVER_TEAM, START_POS, END_POS) VALUES (29, 15, 9, '13', '10');
INSERT INTO RACE_DETAILS (ID_RACE, ID_DRIVER, ID_DRIVER_TEAM, START_POS, END_POS) VALUES (29, 22, 5, '16', '11');
INSERT INTO RACE_DETAILS (ID_RACE, ID_DRIVER, ID_DRIVER_TEAM, START_POS, END_POS) VALUES (29, 21, 6, '9', '12');
INSERT INTO RACE_DETAILS (ID_RACE, ID_DRIVER, ID_DRIVER_TEAM, START_POS, END_POS) VALUES (29, 13, 9, '14', '13');
INSERT INTO RACE_DETAILS (ID_RACE, ID_DRIVER, ID_DRIVER_TEAM, START_POS, END_POS) VALUES (29, 23, 3, '10', '14');
INSERT INTO RACE_DETAILS (ID_RACE, ID_DRIVER, ID_DRIVER_TEAM, START_POS, END_POS) VALUES (29, 6, 5, '17', '15');
INSERT INTO RACE_DETAILS (ID_RACE, ID_DRIVER, ID_DRIVER_TEAM, START_POS, END_POS) VALUES (29, 24, 7, '19', '16');
INSERT INTO RACE_DETAILS (ID_RACE, ID_DRIVER, ID_DRIVER_TEAM, START_POS, END_POS) VALUES (29, 16, 3, '8', '17');
INSERT INTO RACE_DETAILS (ID_RACE, ID_DRIVER, ID_DRIVER_TEAM, START_POS, END_POS) VALUES (29, 17, 7, '18', '18');
INSERT INTO RACE_DETAILS (ID_RACE, ID_DRIVER, ID_DRIVER_TEAM, START_POS, END_POS) VALUES (29, 14, 2, '15', 'OUT');
INSERT INTO RACE_DETAILS (ID_RACE, ID_DRIVER, ID_DRIVER_TEAM, START_POS, END_POS) VALUES (29, 9, 1, '1', 'OUT');
INSERT INTO RACE_DETAILS (ID_RACE, ID_DRIVER, ID_DRIVER_TEAM, START_POS, END_POS) VALUES (30, 2, 8, '3', '1');
INSERT INTO RACE_DETAILS (ID_RACE, ID_DRIVER, ID_DRIVER_TEAM, START_POS, END_POS) VALUES (30, 5, 1, '2', '2');
INSERT INTO RACE_DETAILS (ID_RACE, ID_DRIVER, ID_DRIVER_TEAM, START_POS, END_POS) VALUES (30, 20, 8, '4', '3');
INSERT INTO RACE_DETAILS (ID_RACE, ID_DRIVER, ID_DRIVER_TEAM, START_POS, END_POS) VALUES (30, 9, 1, '1', '4');
INSERT INTO RACE_DETAILS (ID_RACE, ID_DRIVER, ID_DRIVER_TEAM, START_POS, END_POS) VALUES (30, 7, 4, '6', '5');
INSERT INTO RACE_DETAILS (ID_RACE, ID_DRIVER, ID_DRIVER_TEAM, START_POS, END_POS) VALUES (30, 1, 6, '5', '6');
INSERT INTO RACE_DETAILS (ID_RACE, ID_DRIVER, ID_DRIVER_TEAM, START_POS, END_POS) VALUES (30, 3, 10, '7', '7');
INSERT INTO RACE_DETAILS (ID_RACE, ID_DRIVER, ID_DRIVER_TEAM, START_POS, END_POS) VALUES (30, 4, 4, '8', '8');
INSERT INTO RACE_DETAILS (ID_RACE, ID_DRIVER, ID_DRIVER_TEAM, START_POS, END_POS) VALUES (30, 10, 2, '12', '9');
INSERT INTO RACE_DETAILS (ID_RACE, ID_DRIVER, ID_DRIVER_TEAM, START_POS, END_POS) VALUES (30, 22, 5, '9', '10');
INSERT INTO RACE_DETAILS (ID_RACE, ID_DRIVER, ID_DRIVER_TEAM, START_POS, END_POS) VALUES (30, 13, 9, '17', '11');
INSERT INTO RACE_DETAILS (ID_RACE, ID_DRIVER, ID_DRIVER_TEAM, START_POS, END_POS) VALUES (30, 11, 10, '10', '12');
INSERT INTO RACE_DETAILS (ID_RACE, ID_DRIVER, ID_DRIVER_TEAM, START_POS, END_POS) VALUES (30, 21, 6, '14', '13');
INSERT INTO RACE_DETAILS (ID_RACE, ID_DRIVER, ID_DRIVER_TEAM, START_POS, END_POS) VALUES (30, 6, 5, '18', '14');
INSERT INTO RACE_DETAILS (ID_RACE, ID_DRIVER, ID_DRIVER_TEAM, START_POS, END_POS) VALUES (30, 24, 7, '19', '15');
INSERT INTO RACE_DETAILS (ID_RACE, ID_DRIVER, ID_DRIVER_TEAM, START_POS, END_POS) VALUES (30, 14, 2, '20', '16');
INSERT INTO RACE_DETAILS (ID_RACE, ID_DRIVER, ID_DRIVER_TEAM, START_POS, END_POS) VALUES (30, 15, 9, '11', '17');
INSERT INTO RACE_DETAILS (ID_RACE, ID_DRIVER, ID_DRIVER_TEAM, START_POS, END_POS) VALUES (30, 17, 7, '16', '18');
INSERT INTO RACE_DETAILS (ID_RACE, ID_DRIVER, ID_DRIVER_TEAM, START_POS, END_POS) VALUES (30, 23, 3, '15', '19');
INSERT INTO RACE_DETAILS (ID_RACE, ID_DRIVER, ID_DRIVER_TEAM, START_POS, END_POS) VALUES (30, 16, 3, '13', '20');
INSERT INTO RACE_DETAILS (ID_RACE, ID_DRIVER, ID_DRIVER_TEAM, START_POS, END_POS) VALUES (31, 20, 8, '3', '1');
INSERT INTO RACE_DETAILS (ID_RACE, ID_DRIVER, ID_DRIVER_TEAM, START_POS, END_POS) VALUES (31, 2, 8, '2', '2');
INSERT INTO RACE_DETAILS (ID_RACE, ID_DRIVER, ID_DRIVER_TEAM, START_POS, END_POS) VALUES (31, 7, 4, '5', '3');
INSERT INTO RACE_DETAILS (ID_RACE, ID_DRIVER, ID_DRIVER_TEAM, START_POS, END_POS) VALUES (31, 4, 4, '7', '4');
INSERT INTO RACE_DETAILS (ID_RACE, ID_DRIVER, ID_DRIVER_TEAM, START_POS, END_POS) VALUES (31, 13, 9, '6', '5');
INSERT INTO RACE_DETAILS (ID_RACE, ID_DRIVER, ID_DRIVER_TEAM, START_POS, END_POS) VALUES (31, 22, 5, '9', '6');
INSERT INTO RACE_DETAILS (ID_RACE, ID_DRIVER, ID_DRIVER_TEAM, START_POS, END_POS) VALUES (31, 3, 10, '10', '7');
INSERT INTO RACE_DETAILS (ID_RACE, ID_DRIVER, ID_DRIVER_TEAM, START_POS, END_POS) VALUES (31, 21, 6, '12', '8');
INSERT INTO RACE_DETAILS (ID_RACE, ID_DRIVER, ID_DRIVER_TEAM, START_POS, END_POS) VALUES (31, 1, 6, '11', '9');
INSERT INTO RACE_DETAILS (ID_RACE, ID_DRIVER, ID_DRIVER_TEAM, START_POS, END_POS) VALUES (31, 11, 10, '13', '10');
INSERT INTO RACE_DETAILS (ID_RACE, ID_DRIVER, ID_DRIVER_TEAM, START_POS, END_POS) VALUES (31, 10, 2, '15', '11');
INSERT INTO RACE_DETAILS (ID_RACE, ID_DRIVER, ID_DRIVER_TEAM, START_POS, END_POS) VALUES (31, 17, 7, '17', '12');
INSERT INTO RACE_DETAILS (ID_RACE, ID_DRIVER, ID_DRIVER_TEAM, START_POS, END_POS) VALUES (31, 15, 9, '8', '13');
INSERT INTO RACE_DETAILS (ID_RACE, ID_DRIVER, ID_DRIVER_TEAM, START_POS, END_POS) VALUES (31, 23, 3, '20', '14');
INSERT INTO RACE_DETAILS (ID_RACE, ID_DRIVER, ID_DRIVER_TEAM, START_POS, END_POS) VALUES (31, 24, 7, '18', '15');
INSERT INTO RACE_DETAILS (ID_RACE, ID_DRIVER, ID_DRIVER_TEAM, START_POS, END_POS) VALUES (31, 6, 5, '19', '16');
INSERT INTO RACE_DETAILS (ID_RACE, ID_DRIVER, ID_DRIVER_TEAM, START_POS, END_POS) VALUES (31, 16, 3, '16', 'OUT');
INSERT INTO RACE_DETAILS (ID_RACE, ID_DRIVER, ID_DRIVER_TEAM, START_POS, END_POS) VALUES (31, 14, 2, '14', 'OUT');
INSERT INTO RACE_DETAILS (ID_RACE, ID_DRIVER, ID_DRIVER_TEAM, START_POS, END_POS) VALUES (31, 9, 1, '1', 'OUT');
INSERT INTO RACE_DETAILS (ID_RACE, ID_DRIVER, ID_DRIVER_TEAM, START_POS, END_POS) VALUES (31, 5, 1, '4', 'OUT');
INSERT INTO RACE_DETAILS (ID_RACE, ID_DRIVER, ID_DRIVER_TEAM, START_POS, END_POS) VALUES (32, 20, 8, '1', '1');
INSERT INTO RACE_DETAILS (ID_RACE, ID_DRIVER, ID_DRIVER_TEAM, START_POS, END_POS) VALUES (32, 5, 1, '3', '2');
INSERT INTO RACE_DETAILS (ID_RACE, ID_DRIVER, ID_DRIVER_TEAM, START_POS, END_POS) VALUES (32, 4, 4, '4', '3');
INSERT INTO RACE_DETAILS (ID_RACE, ID_DRIVER, ID_DRIVER_TEAM, START_POS, END_POS) VALUES (32, 7, 4, '8', '4');
INSERT INTO RACE_DETAILS (ID_RACE, ID_DRIVER, ID_DRIVER_TEAM, START_POS, END_POS) VALUES (32, 9, 1, '19', '5');
INSERT INTO RACE_DETAILS (ID_RACE, ID_DRIVER, ID_DRIVER_TEAM, START_POS, END_POS) VALUES (32, 11, 10, '7', '6');
INSERT INTO RACE_DETAILS (ID_RACE, ID_DRIVER, ID_DRIVER_TEAM, START_POS, END_POS) VALUES (32, 10, 2, '11', '7');
INSERT INTO RACE_DETAILS (ID_RACE, ID_DRIVER, ID_DRIVER_TEAM, START_POS, END_POS) VALUES (32, 14, 2, '10', '8');
INSERT INTO RACE_DETAILS (ID_RACE, ID_DRIVER, ID_DRIVER_TEAM, START_POS, END_POS) VALUES (32, 3, 10, '2', '9');
INSERT INTO RACE_DETAILS (ID_RACE, ID_DRIVER, ID_DRIVER_TEAM, START_POS, END_POS) VALUES (32, 6, 5, '17', '10');
INSERT INTO RACE_DETAILS (ID_RACE, ID_DRIVER, ID_DRIVER_TEAM, START_POS, END_POS) VALUES (32, 21, 6, '9', '11');
INSERT INTO RACE_DETAILS (ID_RACE, ID_DRIVER, ID_DRIVER_TEAM, START_POS, END_POS) VALUES (32, 22, 5, '16', '12');
INSERT INTO RACE_DETAILS (ID_RACE, ID_DRIVER, ID_DRIVER_TEAM, START_POS, END_POS) VALUES (32, 17, 7, '12', '13');
INSERT INTO RACE_DETAILS (ID_RACE, ID_DRIVER, ID_DRIVER_TEAM, START_POS, END_POS) VALUES (32, 13, 9, '15', '14');
INSERT INTO RACE_DETAILS (ID_RACE, ID_DRIVER, ID_DRIVER_TEAM, START_POS, END_POS) VALUES (32, 1, 6, '14', '15');
INSERT INTO RACE_DETAILS (ID_RACE, ID_DRIVER, ID_DRIVER_TEAM, START_POS, END_POS) VALUES (32, 24, 7, '18', '16');
INSERT INTO RACE_DETAILS (ID_RACE, ID_DRIVER, ID_DRIVER_TEAM, START_POS, END_POS) VALUES (32, 16, 3, '5', '17');
INSERT INTO RACE_DETAILS (ID_RACE, ID_DRIVER, ID_DRIVER_TEAM, START_POS, END_POS) VALUES (32, 15, 9, '20', '18');
INSERT INTO RACE_DETAILS (ID_RACE, ID_DRIVER, ID_DRIVER_TEAM, START_POS, END_POS) VALUES (32, 23, 3, '6', '19');
INSERT INTO RACE_DETAILS (ID_RACE, ID_DRIVER, ID_DRIVER_TEAM, START_POS, END_POS) VALUES (32, 2, 8, '13', '20');
INSERT INTO RACE_DETAILS (ID_RACE, ID_DRIVER, ID_DRIVER_TEAM, START_POS, END_POS) VALUES (33, 5, 1, '1', '1');
INSERT INTO RACE_DETAILS (ID_RACE, ID_DRIVER, ID_DRIVER_TEAM, START_POS, END_POS) VALUES (33, 2, 8, '4', '2');
INSERT INTO RACE_DETAILS (ID_RACE, ID_DRIVER, ID_DRIVER_TEAM, START_POS, END_POS) VALUES (33, 4, 4, '5', '3');
INSERT INTO RACE_DETAILS (ID_RACE, ID_DRIVER, ID_DRIVER_TEAM, START_POS, END_POS) VALUES (33, 9, 1, '3', '4');
INSERT INTO RACE_DETAILS (ID_RACE, ID_DRIVER, ID_DRIVER_TEAM, START_POS, END_POS) VALUES (33, 3, 10, '7', '5');
INSERT INTO RACE_DETAILS (ID_RACE, ID_DRIVER, ID_DRIVER_TEAM, START_POS, END_POS) VALUES (33, 1, 6, '6', '6');
INSERT INTO RACE_DETAILS (ID_RACE, ID_DRIVER, ID_DRIVER_TEAM, START_POS, END_POS) VALUES (33, 20, 8, '2', '7');
INSERT INTO RACE_DETAILS (ID_RACE, ID_DRIVER, ID_DRIVER_TEAM, START_POS, END_POS) VALUES (33, 23, 3, '19', '8');
INSERT INTO RACE_DETAILS (ID_RACE, ID_DRIVER, ID_DRIVER_TEAM, START_POS, END_POS) VALUES (33, 22, 5, '18', '9');
INSERT INTO RACE_DETAILS (ID_RACE, ID_DRIVER, ID_DRIVER_TEAM, START_POS, END_POS) VALUES (33, 16, 3, '17', '10');
INSERT INTO RACE_DETAILS (ID_RACE, ID_DRIVER, ID_DRIVER_TEAM, START_POS, END_POS) VALUES (33, 6, 5, '20', '11');
INSERT INTO RACE_DETAILS (ID_RACE, ID_DRIVER, ID_DRIVER_TEAM, START_POS, END_POS) VALUES (33, 24, 7, '10', '12');
INSERT INTO RACE_DETAILS (ID_RACE, ID_DRIVER, ID_DRIVER_TEAM, START_POS, END_POS) VALUES (33, 21, 6, '14', '13');
INSERT INTO RACE_DETAILS (ID_RACE, ID_DRIVER, ID_DRIVER_TEAM, START_POS, END_POS) VALUES (33, 15, 9, '13', '14');
INSERT INTO RACE_DETAILS (ID_RACE, ID_DRIVER, ID_DRIVER_TEAM, START_POS, END_POS) VALUES (33, 11, 10, '15', 'OUT');
INSERT INTO RACE_DETAILS (ID_RACE, ID_DRIVER, ID_DRIVER_TEAM, START_POS, END_POS) VALUES (33, 13, 9, '11', 'OUT');
INSERT INTO RACE_DETAILS (ID_RACE, ID_DRIVER, ID_DRIVER_TEAM, START_POS, END_POS) VALUES (33, 10, 2, '12', 'OUT');
INSERT INTO RACE_DETAILS (ID_RACE, ID_DRIVER, ID_DRIVER_TEAM, START_POS, END_POS) VALUES (33, 7, 4, '8', 'OUT');
INSERT INTO RACE_DETAILS (ID_RACE, ID_DRIVER, ID_DRIVER_TEAM, START_POS, END_POS) VALUES (33, 14, 2, '9', 'OUT');
INSERT INTO RACE_DETAILS (ID_RACE, ID_DRIVER, ID_DRIVER_TEAM, START_POS, END_POS) VALUES (33, 17, 7, '16', 'OUT');
INSERT INTO RACE_DETAILS (ID_RACE, ID_DRIVER, ID_DRIVER_TEAM, START_POS, END_POS) VALUES (34, 9, 1, '2', '1');
INSERT INTO RACE_DETAILS (ID_RACE, ID_DRIVER, ID_DRIVER_TEAM, START_POS, END_POS) VALUES (34, 20, 8, '1', '2');
INSERT INTO RACE_DETAILS (ID_RACE, ID_DRIVER, ID_DRIVER_TEAM, START_POS, END_POS) VALUES (34, 4, 4, '8', '3');
INSERT INTO RACE_DETAILS (ID_RACE, ID_DRIVER, ID_DRIVER_TEAM, START_POS, END_POS) VALUES (34, 7, 4, '4', '4');
INSERT INTO RACE_DETAILS (ID_RACE, ID_DRIVER, ID_DRIVER_TEAM, START_POS, END_POS) VALUES (34, 11, 10, '6', '5');
INSERT INTO RACE_DETAILS (ID_RACE, ID_DRIVER, ID_DRIVER_TEAM, START_POS, END_POS) VALUES (34, 23, 3, '9', '6');
INSERT INTO RACE_DETAILS (ID_RACE, ID_DRIVER, ID_DRIVER_TEAM, START_POS, END_POS) VALUES (34, 1, 6, '10', '7');
INSERT INTO RACE_DETAILS (ID_RACE, ID_DRIVER, ID_DRIVER_TEAM, START_POS, END_POS) VALUES (34, 16, 3, '7', '8');
INSERT INTO RACE_DETAILS (ID_RACE, ID_DRIVER, ID_DRIVER_TEAM, START_POS, END_POS) VALUES (34, 21, 6, '11', '9');
INSERT INTO RACE_DETAILS (ID_RACE, ID_DRIVER, ID_DRIVER_TEAM, START_POS, END_POS) VALUES (34, 3, 10, '19', '10');
INSERT INTO RACE_DETAILS (ID_RACE, ID_DRIVER, ID_DRIVER_TEAM, START_POS, END_POS) VALUES (34, 10, 2, 'PL', '11');
INSERT INTO RACE_DETAILS (ID_RACE, ID_DRIVER, ID_DRIVER_TEAM, START_POS, END_POS) VALUES (34, 17, 7, '15', '12');
INSERT INTO RACE_DETAILS (ID_RACE, ID_DRIVER, ID_DRIVER_TEAM, START_POS, END_POS) VALUES (34, 6, 5, '12', '13');
INSERT INTO RACE_DETAILS (ID_RACE, ID_DRIVER, ID_DRIVER_TEAM, START_POS, END_POS) VALUES (34, 14, 2, '13', '14');
INSERT INTO RACE_DETAILS (ID_RACE, ID_DRIVER, ID_DRIVER_TEAM, START_POS, END_POS) VALUES (34, 13, 9, '14', '15');
INSERT INTO RACE_DETAILS (ID_RACE, ID_DRIVER, ID_DRIVER_TEAM, START_POS, END_POS) VALUES (34, 15, 9, '16', '16');
INSERT INTO RACE_DETAILS (ID_RACE, ID_DRIVER, ID_DRIVER_TEAM, START_POS, END_POS) VALUES (34, 22, 5, '18', '17');
INSERT INTO RACE_DETAILS (ID_RACE, ID_DRIVER, ID_DRIVER_TEAM, START_POS, END_POS) VALUES (34, 5, 1, '3', 'OUT');
INSERT INTO RACE_DETAILS (ID_RACE, ID_DRIVER, ID_DRIVER_TEAM, START_POS, END_POS) VALUES (34, 24, 7, '17', 'OUT');
INSERT INTO RACE_DETAILS (ID_RACE, ID_DRIVER, ID_DRIVER_TEAM, START_POS, END_POS) VALUES (34, 2, 8, '5', 'OUT');
INSERT INTO RACE_DETAILS (ID_RACE, ID_DRIVER, ID_DRIVER_TEAM, START_POS, END_POS) VALUES (35, 20, 8, '2', '1');
INSERT INTO RACE_DETAILS (ID_RACE, ID_DRIVER, ID_DRIVER_TEAM, START_POS, END_POS) VALUES (35, 4, 4, '4', '2');
INSERT INTO RACE_DETAILS (ID_RACE, ID_DRIVER, ID_DRIVER_TEAM, START_POS, END_POS) VALUES (35, 7, 4, '6', '3');
INSERT INTO RACE_DETAILS (ID_RACE, ID_DRIVER, ID_DRIVER_TEAM, START_POS, END_POS) VALUES (35, 2, 8, '3', '4');
INSERT INTO RACE_DETAILS (ID_RACE, ID_DRIVER, ID_DRIVER_TEAM, START_POS, END_POS) VALUES (35, 5, 1, '19', '5');
INSERT INTO RACE_DETAILS (ID_RACE, ID_DRIVER, ID_DRIVER_TEAM, START_POS, END_POS) VALUES (35, 3, 10, '7', '6');
INSERT INTO RACE_DETAILS (ID_RACE, ID_DRIVER, ID_DRIVER_TEAM, START_POS, END_POS) VALUES (35, 1, 6, '5', '7');
INSERT INTO RACE_DETAILS (ID_RACE, ID_DRIVER, ID_DRIVER_TEAM, START_POS, END_POS) VALUES (35, 11, 10, '10', '8');
INSERT INTO RACE_DETAILS (ID_RACE, ID_DRIVER, ID_DRIVER_TEAM, START_POS, END_POS) VALUES (35, 21, 6, '9', '9');
INSERT INTO RACE_DETAILS (ID_RACE, ID_DRIVER, ID_DRIVER_TEAM, START_POS, END_POS) VALUES (35, 6, 5, '15', '10');
INSERT INTO RACE_DETAILS (ID_RACE, ID_DRIVER, ID_DRIVER_TEAM, START_POS, END_POS) VALUES (35, 22, 5, '12', '11');
INSERT INTO RACE_DETAILS (ID_RACE, ID_DRIVER, ID_DRIVER_TEAM, START_POS, END_POS) VALUES (35, 13, 9, '14', '12');
INSERT INTO RACE_DETAILS (ID_RACE, ID_DRIVER, ID_DRIVER_TEAM, START_POS, END_POS) VALUES (35, 17, 7, '13', '13');
INSERT INTO RACE_DETAILS (ID_RACE, ID_DRIVER, ID_DRIVER_TEAM, START_POS, END_POS) VALUES (35, 10, 2, '11', '14');
INSERT INTO RACE_DETAILS (ID_RACE, ID_DRIVER, ID_DRIVER_TEAM, START_POS, END_POS) VALUES (35, 23, 3, '17', '15');
INSERT INTO RACE_DETAILS (ID_RACE, ID_DRIVER, ID_DRIVER_TEAM, START_POS, END_POS) VALUES (35, 14, 2, '16', '16');
INSERT INTO RACE_DETAILS (ID_RACE, ID_DRIVER, ID_DRIVER_TEAM, START_POS, END_POS) VALUES (35, 24, 7, '18', 'OUT');
INSERT INTO RACE_DETAILS (ID_RACE, ID_DRIVER, ID_DRIVER_TEAM, START_POS, END_POS) VALUES (35, 16, 3, '20', 'OUT');
INSERT INTO RACE_DETAILS (ID_RACE, ID_DRIVER, ID_DRIVER_TEAM, START_POS, END_POS) VALUES (35, 9, 1, '1', 'OUT');
INSERT INTO RACE_DETAILS (ID_RACE, ID_DRIVER, ID_DRIVER_TEAM, START_POS, END_POS) VALUES (35, 15, 9, '8', 'OUT');
INSERT INTO RACE_DETAILS (ID_RACE, ID_DRIVER, ID_DRIVER_TEAM, START_POS, END_POS) VALUES (36, 20, 8, '10', '1');
INSERT INTO RACE_DETAILS (ID_RACE, ID_DRIVER, ID_DRIVER_TEAM, START_POS, END_POS) VALUES (36, 4, 4, '7', '2');
INSERT INTO RACE_DETAILS (ID_RACE, ID_DRIVER, ID_DRIVER_TEAM, START_POS, END_POS) VALUES (36, 7, 4, '1', '3');
INSERT INTO RACE_DETAILS (ID_RACE, ID_DRIVER, ID_DRIVER_TEAM, START_POS, END_POS) VALUES (36, 5, 1, '2', '4');
INSERT INTO RACE_DETAILS (ID_RACE, ID_DRIVER, ID_DRIVER_TEAM, START_POS, END_POS) VALUES (36, 2, 8, '11', '5');
INSERT INTO RACE_DETAILS (ID_RACE, ID_DRIVER, ID_DRIVER_TEAM, START_POS, END_POS) VALUES (36, 9, 1, '3', '6');
INSERT INTO RACE_DETAILS (ID_RACE, ID_DRIVER, ID_DRIVER_TEAM, START_POS, END_POS) VALUES (36, 1, 6, '4', '7');
INSERT INTO RACE_DETAILS (ID_RACE, ID_DRIVER, ID_DRIVER_TEAM, START_POS, END_POS) VALUES (36, 3, 10, '6', '8');
INSERT INTO RACE_DETAILS (ID_RACE, ID_DRIVER, ID_DRIVER_TEAM, START_POS, END_POS) VALUES (36, 11, 10, '5', '9');
INSERT INTO RACE_DETAILS (ID_RACE, ID_DRIVER, ID_DRIVER_TEAM, START_POS, END_POS) VALUES (36, 22, 5, '18', '10');
INSERT INTO RACE_DETAILS (ID_RACE, ID_DRIVER, ID_DRIVER_TEAM, START_POS, END_POS) VALUES (36, 6, 5, '14', '11');
INSERT INTO RACE_DETAILS (ID_RACE, ID_DRIVER, ID_DRIVER_TEAM, START_POS, END_POS) VALUES (36, 13, 9, 'PL', '12');
INSERT INTO RACE_DETAILS (ID_RACE, ID_DRIVER, ID_DRIVER_TEAM, START_POS, END_POS) VALUES (36, 14, 2, '12', '13');
INSERT INTO RACE_DETAILS (ID_RACE, ID_DRIVER, ID_DRIVER_TEAM, START_POS, END_POS) VALUES (36, 23, 3, '15', '14');
INSERT INTO RACE_DETAILS (ID_RACE, ID_DRIVER, ID_DRIVER_TEAM, START_POS, END_POS) VALUES (36, 21, 6, '9', '15');
INSERT INTO RACE_DETAILS (ID_RACE, ID_DRIVER, ID_DRIVER_TEAM, START_POS, END_POS) VALUES (36, 16, 3, '13', '16');
INSERT INTO RACE_DETAILS (ID_RACE, ID_DRIVER, ID_DRIVER_TEAM, START_POS, END_POS) VALUES (36, 17, 7, '17', '17');
INSERT INTO RACE_DETAILS (ID_RACE, ID_DRIVER, ID_DRIVER_TEAM, START_POS, END_POS) VALUES (36, 24, 7, '19', '18');
INSERT INTO RACE_DETAILS (ID_RACE, ID_DRIVER, ID_DRIVER_TEAM, START_POS, END_POS) VALUES (36, 15, 9, '16', '19');
INSERT INTO RACE_DETAILS (ID_RACE, ID_DRIVER, ID_DRIVER_TEAM, START_POS, END_POS) VALUES (36, 10, 2, '8', '20');
INSERT INTO RACE_DETAILS (ID_RACE, ID_DRIVER, ID_DRIVER_TEAM, START_POS, END_POS) VALUES (37, 20, 8, '14', '1');
INSERT INTO RACE_DETAILS (ID_RACE, ID_DRIVER, ID_DRIVER_TEAM, START_POS, END_POS) VALUES (37, 2, 8, '2', '2');
INSERT INTO RACE_DETAILS (ID_RACE, ID_DRIVER, ID_DRIVER_TEAM, START_POS, END_POS) VALUES (37, 5, 1, '1', '3');
INSERT INTO RACE_DETAILS (ID_RACE, ID_DRIVER, ID_DRIVER_TEAM, START_POS, END_POS) VALUES (37, 7, 4, '5', '4');
INSERT INTO RACE_DETAILS (ID_RACE, ID_DRIVER, ID_DRIVER_TEAM, START_POS, END_POS) VALUES (37, 3, 10, '3', '5');
INSERT INTO RACE_DETAILS (ID_RACE, ID_DRIVER, ID_DRIVER_TEAM, START_POS, END_POS) VALUES (37, 9, 1, '15', '6');
INSERT INTO RACE_DETAILS (ID_RACE, ID_DRIVER, ID_DRIVER_TEAM, START_POS, END_POS) VALUES (37, 11, 10, '16', '7');
INSERT INTO RACE_DETAILS (ID_RACE, ID_DRIVER, ID_DRIVER_TEAM, START_POS, END_POS) VALUES (37, 22, 5, '10', '8');
INSERT INTO RACE_DETAILS (ID_RACE, ID_DRIVER, ID_DRIVER_TEAM, START_POS, END_POS) VALUES (37, 13, 9, 'PL', '9');
INSERT INTO RACE_DETAILS (ID_RACE, ID_DRIVER, ID_DRIVER_TEAM, START_POS, END_POS) VALUES (37, 17, 7, '6', '10');
INSERT INTO RACE_DETAILS (ID_RACE, ID_DRIVER, ID_DRIVER_TEAM, START_POS, END_POS) VALUES (37, 6, 5, '9', '11');
INSERT INTO RACE_DETAILS (ID_RACE, ID_DRIVER, ID_DRIVER_TEAM, START_POS, END_POS) VALUES (37, 1, 6, '17', '12');
INSERT INTO RACE_DETAILS (ID_RACE, ID_DRIVER, ID_DRIVER_TEAM, START_POS, END_POS) VALUES (37, 15, 9, 'PL', '13');
INSERT INTO RACE_DETAILS (ID_RACE, ID_DRIVER, ID_DRIVER_TEAM, START_POS, END_POS) VALUES (37, 14, 2, '18', '14');
INSERT INTO RACE_DETAILS (ID_RACE, ID_DRIVER, ID_DRIVER_TEAM, START_POS, END_POS) VALUES (37, 21, 6, '7', '15');
INSERT INTO RACE_DETAILS (ID_RACE, ID_DRIVER, ID_DRIVER_TEAM, START_POS, END_POS) VALUES (37, 16, 3, '12', '16');
INSERT INTO RACE_DETAILS (ID_RACE, ID_DRIVER, ID_DRIVER_TEAM, START_POS, END_POS) VALUES (37, 23, 3, '19', '17');
INSERT INTO RACE_DETAILS (ID_RACE, ID_DRIVER, ID_DRIVER_TEAM, START_POS, END_POS) VALUES (37, 24, 7, '11', '18');
INSERT INTO RACE_DETAILS (ID_RACE, ID_DRIVER, ID_DRIVER_TEAM, START_POS, END_POS) VALUES (37, 10, 2, '13', 'OUT');
INSERT INTO RACE_DETAILS (ID_RACE, ID_DRIVER, ID_DRIVER_TEAM, START_POS, END_POS) VALUES (37, 4, 4, '4', 'OUT');
INSERT INTO RACE_DETAILS (ID_RACE, ID_DRIVER, ID_DRIVER_TEAM, START_POS, END_POS) VALUES (38, 20, 8, '1', '1');
INSERT INTO RACE_DETAILS (ID_RACE, ID_DRIVER, ID_DRIVER_TEAM, START_POS, END_POS) VALUES (38, 7, 4, '6', '2');
INSERT INTO RACE_DETAILS (ID_RACE, ID_DRIVER, ID_DRIVER_TEAM, START_POS, END_POS) VALUES (38, 9, 1, '2', '3');
INSERT INTO RACE_DETAILS (ID_RACE, ID_DRIVER, ID_DRIVER_TEAM, START_POS, END_POS) VALUES (38, 4, 4, '4', '4');
INSERT INTO RACE_DETAILS (ID_RACE, ID_DRIVER, ID_DRIVER_TEAM, START_POS, END_POS) VALUES (38, 2, 8, '5', '5');
INSERT INTO RACE_DETAILS (ID_RACE, ID_DRIVER, ID_DRIVER_TEAM, START_POS, END_POS) VALUES (38, 3, 10, '13', '6');
INSERT INTO RACE_DETAILS (ID_RACE, ID_DRIVER, ID_DRIVER_TEAM, START_POS, END_POS) VALUES (38, 1, 6, '7', '7');
INSERT INTO RACE_DETAILS (ID_RACE, ID_DRIVER, ID_DRIVER_TEAM, START_POS, END_POS) VALUES (38, 5, 1, '3', '8');
INSERT INTO RACE_DETAILS (ID_RACE, ID_DRIVER, ID_DRIVER_TEAM, START_POS, END_POS) VALUES (38, 11, 10, '12', '9');
INSERT INTO RACE_DETAILS (ID_RACE, ID_DRIVER, ID_DRIVER_TEAM, START_POS, END_POS) VALUES (38, 6, 5, '10', '10');
INSERT INTO RACE_DETAILS (ID_RACE, ID_DRIVER, ID_DRIVER_TEAM, START_POS, END_POS) VALUES (38, 13, 9, '11', '11');
INSERT INTO RACE_DETAILS (ID_RACE, ID_DRIVER, ID_DRIVER_TEAM, START_POS, END_POS) VALUES (38, 17, 7, '15', '12');
INSERT INTO RACE_DETAILS (ID_RACE, ID_DRIVER, ID_DRIVER_TEAM, START_POS, END_POS) VALUES (38, 23, 3, '8', '13');
INSERT INTO RACE_DETAILS (ID_RACE, ID_DRIVER, ID_DRIVER_TEAM, START_POS, END_POS) VALUES (38, 22, 5, '19', '14');
INSERT INTO RACE_DETAILS (ID_RACE, ID_DRIVER, ID_DRIVER_TEAM, START_POS, END_POS) VALUES (38, 16, 3, '18', '15');
INSERT INTO RACE_DETAILS (ID_RACE, ID_DRIVER, ID_DRIVER_TEAM, START_POS, END_POS) VALUES (38, 14, 2, '14', '16');
INSERT INTO RACE_DETAILS (ID_RACE, ID_DRIVER, ID_DRIVER_TEAM, START_POS, END_POS) VALUES (38, 21, 6, '17', '17');
INSERT INTO RACE_DETAILS (ID_RACE, ID_DRIVER, ID_DRIVER_TEAM, START_POS, END_POS) VALUES (38, 24, 7, '20', '18');
INSERT INTO RACE_DETAILS (ID_RACE, ID_DRIVER, ID_DRIVER_TEAM, START_POS, END_POS) VALUES (38, 10, 2, '16', 'OUT');
INSERT INTO RACE_DETAILS (ID_RACE, ID_DRIVER, ID_DRIVER_TEAM, START_POS, END_POS) VALUES (38, 15, 9, '9', 'OUT');
INSERT INTO RACE_DETAILS (ID_RACE, ID_DRIVER, ID_DRIVER_TEAM, START_POS, END_POS) VALUES (39, 20, 8, '7', '1');
INSERT INTO RACE_DETAILS (ID_RACE, ID_DRIVER, ID_DRIVER_TEAM, START_POS, END_POS) VALUES (39, 9, 1, '1', '2');
INSERT INTO RACE_DETAILS (ID_RACE, ID_DRIVER, ID_DRIVER_TEAM, START_POS, END_POS) VALUES (39, 7, 4, '2', '3');
INSERT INTO RACE_DETAILS (ID_RACE, ID_DRIVER, ID_DRIVER_TEAM, START_POS, END_POS) VALUES (39, 5, 1, '18', '4');
INSERT INTO RACE_DETAILS (ID_RACE, ID_DRIVER, ID_DRIVER_TEAM, START_POS, END_POS) VALUES (39, 4, 4, '19', '5');
INSERT INTO RACE_DETAILS (ID_RACE, ID_DRIVER, ID_DRIVER_TEAM, START_POS, END_POS) VALUES (39, 2, 8, '13', '6');
INSERT INTO RACE_DETAILS (ID_RACE, ID_DRIVER, ID_DRIVER_TEAM, START_POS, END_POS) VALUES (39, 1, 6, '3', '7');
INSERT INTO RACE_DETAILS (ID_RACE, ID_DRIVER, ID_DRIVER_TEAM, START_POS, END_POS) VALUES (39, 13, 9, '5', '8');
INSERT INTO RACE_DETAILS (ID_RACE, ID_DRIVER, ID_DRIVER_TEAM, START_POS, END_POS) VALUES (39, 19, 7, '8', '9');
INSERT INTO RACE_DETAILS (ID_RACE, ID_DRIVER, ID_DRIVER_TEAM, START_POS, END_POS) VALUES (39, 14, 2, '9', '10');
INSERT INTO RACE_DETAILS (ID_RACE, ID_DRIVER, ID_DRIVER_TEAM, START_POS, END_POS) VALUES (39, 11, 10, '14', '11');
INSERT INTO RACE_DETAILS (ID_RACE, ID_DRIVER, ID_DRIVER_TEAM, START_POS, END_POS) VALUES (39, 23, 3, '17', '12');
INSERT INTO RACE_DETAILS (ID_RACE, ID_DRIVER, ID_DRIVER_TEAM, START_POS, END_POS) VALUES (39, 10, 2, '15', '13');
INSERT INTO RACE_DETAILS (ID_RACE, ID_DRIVER, ID_DRIVER_TEAM, START_POS, END_POS) VALUES (39, 15, 9, '20', '14');
INSERT INTO RACE_DETAILS (ID_RACE, ID_DRIVER, ID_DRIVER_TEAM, START_POS, END_POS) VALUES (39, 24, 7, '10', '15');
INSERT INTO RACE_DETAILS (ID_RACE, ID_DRIVER, ID_DRIVER_TEAM, START_POS, END_POS) VALUES (39, 16, 3, '16', '16');
INSERT INTO RACE_DETAILS (ID_RACE, ID_DRIVER, ID_DRIVER_TEAM, START_POS, END_POS) VALUES (39, 21, 6, '4', 'OUT');
INSERT INTO RACE_DETAILS (ID_RACE, ID_DRIVER, ID_DRIVER_TEAM, START_POS, END_POS) VALUES (39, 6, 5, '12', 'OUT');
INSERT INTO RACE_DETAILS (ID_RACE, ID_DRIVER, ID_DRIVER_TEAM, START_POS, END_POS) VALUES (39, 3, 10, '6', 'OUT');
INSERT INTO RACE_DETAILS (ID_RACE, ID_DRIVER, ID_DRIVER_TEAM, START_POS, END_POS) VALUES (39, 22, 5, '11', 'OUT');
INSERT INTO RACE_DETAILS (ID_RACE, ID_DRIVER, ID_DRIVER_TEAM, START_POS, END_POS) VALUES (40, 2, 8, '2', '1');
INSERT INTO RACE_DETAILS (ID_RACE, ID_DRIVER, ID_DRIVER_TEAM, START_POS, END_POS) VALUES (40, 9, 1, '1', '2');
INSERT INTO RACE_DETAILS (ID_RACE, ID_DRIVER, ID_DRIVER_TEAM, START_POS, END_POS) VALUES (40, 5, 1, '4', '3');
INSERT INTO RACE_DETAILS (ID_RACE, ID_DRIVER, ID_DRIVER_TEAM, START_POS, END_POS) VALUES (40, 1, 6, '6', '4');
INSERT INTO RACE_DETAILS (ID_RACE, ID_DRIVER, ID_DRIVER_TEAM, START_POS, END_POS) VALUES (40, 21, 6, '16', '5');
INSERT INTO RACE_DETAILS (ID_RACE, ID_DRIVER, ID_DRIVER_TEAM, START_POS, END_POS) VALUES (40, 6, 5, '11', '6');
INSERT INTO RACE_DETAILS (ID_RACE, ID_DRIVER, ID_DRIVER_TEAM, START_POS, END_POS) VALUES (40, 20, 8, '8', '7');
INSERT INTO RACE_DETAILS (ID_RACE, ID_DRIVER, ID_DRIVER_TEAM, START_POS, END_POS) VALUES (40, 22, 5, '13', '8');
INSERT INTO RACE_DETAILS (ID_RACE, ID_DRIVER, ID_DRIVER_TEAM, START_POS, END_POS) VALUES (40, 4, 4, '3', '9');
INSERT INTO RACE_DETAILS (ID_RACE, ID_DRIVER, ID_DRIVER_TEAM, START_POS, END_POS) VALUES (40, 13, 9, '7', '10');
INSERT INTO RACE_DETAILS (ID_RACE, ID_DRIVER, ID_DRIVER_TEAM, START_POS, END_POS) VALUES (40, 10, 2, '15', '11');
INSERT INTO RACE_DETAILS (ID_RACE, ID_DRIVER, ID_DRIVER_TEAM, START_POS, END_POS) VALUES (40, 16, 3, '9', '12');
INSERT INTO RACE_DETAILS (ID_RACE, ID_DRIVER, ID_DRIVER_TEAM, START_POS, END_POS) VALUES (40, 23, 3, '12', '13');
INSERT INTO RACE_DETAILS (ID_RACE, ID_DRIVER, ID_DRIVER_TEAM, START_POS, END_POS) VALUES (40, 7, 4, 'PL', '14');
INSERT INTO RACE_DETAILS (ID_RACE, ID_DRIVER, ID_DRIVER_TEAM, START_POS, END_POS) VALUES (40, 15, 9, '10', 'OUT');
INSERT INTO RACE_DETAILS (ID_RACE, ID_DRIVER, ID_DRIVER_TEAM, START_POS, END_POS) VALUES (40, 11, 10, '17', 'OUT');
INSERT INTO RACE_DETAILS (ID_RACE, ID_DRIVER, ID_DRIVER_TEAM, START_POS, END_POS) VALUES (40, 17, 7, '18', 'OUT');
INSERT INTO RACE_DETAILS (ID_RACE, ID_DRIVER, ID_DRIVER_TEAM, START_POS, END_POS) VALUES (40, 3, 10, '5', 'OUT');
INSERT INTO RACE_DETAILS (ID_RACE, ID_DRIVER, ID_DRIVER_TEAM, START_POS, END_POS) VALUES (40, 24, 7, '19', 'OUT');
INSERT INTO RACE_DETAILS (ID_RACE, ID_DRIVER, ID_DRIVER_TEAM, START_POS, END_POS) VALUES (40, 14, 2, '14', 'OUT');
INSERT INTO RACE_DETAILS (ID_RACE, ID_DRIVER, ID_DRIVER_TEAM, START_POS, END_POS) VALUES (41, 20, 8, '1', '1');
INSERT INTO RACE_DETAILS (ID_RACE, ID_DRIVER, ID_DRIVER_TEAM, START_POS, END_POS) VALUES (41, 2, 8, '4', '2');
INSERT INTO RACE_DETAILS (ID_RACE, ID_DRIVER, ID_DRIVER_TEAM, START_POS, END_POS) VALUES (41, 9, 1, '2', '3');
INSERT INTO RACE_DETAILS (ID_RACE, ID_DRIVER, ID_DRIVER_TEAM, START_POS, END_POS) VALUES (41, 11, 10, '5', '4');
INSERT INTO RACE_DETAILS (ID_RACE, ID_DRIVER, ID_DRIVER_TEAM, START_POS, END_POS) VALUES (41, 4, 4, '6', '5');
INSERT INTO RACE_DETAILS (ID_RACE, ID_DRIVER, ID_DRIVER_TEAM, START_POS, END_POS) VALUES (41, 22, 5, '9', '6');
INSERT INTO RACE_DETAILS (ID_RACE, ID_DRIVER, ID_DRIVER_TEAM, START_POS, END_POS) VALUES (41, 3, 10, '7', '7');
INSERT INTO RACE_DETAILS (ID_RACE, ID_DRIVER, ID_DRIVER_TEAM, START_POS, END_POS) VALUES (41, 7, 4, '8', '8');
INSERT INTO RACE_DETAILS (ID_RACE, ID_DRIVER, ID_DRIVER_TEAM, START_POS, END_POS) VALUES (41, 24, 7, '19', '9');
INSERT INTO RACE_DETAILS (ID_RACE, ID_DRIVER, ID_DRIVER_TEAM, START_POS, END_POS) VALUES (41, 1, 6, '10', '10');
INSERT INTO RACE_DETAILS (ID_RACE, ID_DRIVER, ID_DRIVER_TEAM, START_POS, END_POS) VALUES (41, 21, 6, '11', '11');
INSERT INTO RACE_DETAILS (ID_RACE, ID_DRIVER, ID_DRIVER_TEAM, START_POS, END_POS) VALUES (41, 6, 5, '18', '12');
INSERT INTO RACE_DETAILS (ID_RACE, ID_DRIVER, ID_DRIVER_TEAM, START_POS, END_POS) VALUES (41, 15, 9, '13', '13');
INSERT INTO RACE_DETAILS (ID_RACE, ID_DRIVER, ID_DRIVER_TEAM, START_POS, END_POS) VALUES (41, 16, 3, '17', '14');
INSERT INTO RACE_DETAILS (ID_RACE, ID_DRIVER, ID_DRIVER_TEAM, START_POS, END_POS) VALUES (41, 10, 2, '12', '15');
INSERT INTO RACE_DETAILS (ID_RACE, ID_DRIVER, ID_DRIVER_TEAM, START_POS, END_POS) VALUES (41, 14, 2, '14', '16');
INSERT INTO RACE_DETAILS (ID_RACE, ID_DRIVER, ID_DRIVER_TEAM, START_POS, END_POS) VALUES (41, 23, 3, '15', '17');
INSERT INTO RACE_DETAILS (ID_RACE, ID_DRIVER, ID_DRIVER_TEAM, START_POS, END_POS) VALUES (41, 13, 9, 'PL', '18');
INSERT INTO RACE_DETAILS (ID_RACE, ID_DRIVER, ID_DRIVER_TEAM, START_POS, END_POS) VALUES (41, 17, 7, '', 'OUT');
INSERT INTO RACE_DETAILS (ID_RACE, ID_DRIVER, ID_DRIVER_TEAM, START_POS, END_POS) VALUES (41, 5, 1, '', 'OUT');
INSERT INTO RACE_DETAILS (ID_RACE, ID_DRIVER, ID_DRIVER_TEAM, START_POS, END_POS) VALUES (42, 20, 8, '2', '1');
INSERT INTO RACE_DETAILS (ID_RACE, ID_DRIVER, ID_DRIVER_TEAM, START_POS, END_POS) VALUES (42, 4, 4, '3', '2');
INSERT INTO RACE_DETAILS (ID_RACE, ID_DRIVER, ID_DRIVER_TEAM, START_POS, END_POS) VALUES (42, 9, 1, '12', '3');
INSERT INTO RACE_DETAILS (ID_RACE, ID_DRIVER, ID_DRIVER_TEAM, START_POS, END_POS) VALUES (42, 2, 8, '9', '4');
INSERT INTO RACE_DETAILS (ID_RACE, ID_DRIVER, ID_DRIVER_TEAM, START_POS, END_POS) VALUES (42, 7, 4, '4', '5');
INSERT INTO RACE_DETAILS (ID_RACE, ID_DRIVER, ID_DRIVER_TEAM, START_POS, END_POS) VALUES (42, 1, 6, '6', '6');
INSERT INTO RACE_DETAILS (ID_RACE, ID_DRIVER, ID_DRIVER_TEAM, START_POS, END_POS) VALUES (42, 22, 5, '10', '7');
INSERT INTO RACE_DETAILS (ID_RACE, ID_DRIVER, ID_DRIVER_TEAM, START_POS, END_POS) VALUES (42, 16, 3, '13', '8');
INSERT INTO RACE_DETAILS (ID_RACE, ID_DRIVER, ID_DRIVER_TEAM, START_POS, END_POS) VALUES (42, 15, 9, '19', '9');
INSERT INTO RACE_DETAILS (ID_RACE, ID_DRIVER, ID_DRIVER_TEAM, START_POS, END_POS) VALUES (42, 11, 10, 'PL', '10');
INSERT INTO RACE_DETAILS (ID_RACE, ID_DRIVER, ID_DRIVER_TEAM, START_POS, END_POS) VALUES (42, 14, 2, '18', '11');
INSERT INTO RACE_DETAILS (ID_RACE, ID_DRIVER, ID_DRIVER_TEAM, START_POS, END_POS) VALUES (42, 17, 7, '8', '12');
INSERT INTO RACE_DETAILS (ID_RACE, ID_DRIVER, ID_DRIVER_TEAM, START_POS, END_POS) VALUES (42, 13, 9, '11', '13');
INSERT INTO RACE_DETAILS (ID_RACE, ID_DRIVER, ID_DRIVER_TEAM, START_POS, END_POS) VALUES (42, 23, 3, '16', '14');
INSERT INTO RACE_DETAILS (ID_RACE, ID_DRIVER, ID_DRIVER_TEAM, START_POS, END_POS) VALUES (42, 3, 10, '14', '15');
INSERT INTO RACE_DETAILS (ID_RACE, ID_DRIVER, ID_DRIVER_TEAM, START_POS, END_POS) VALUES (42, 21, 6, '15', '16');
INSERT INTO RACE_DETAILS (ID_RACE, ID_DRIVER, ID_DRIVER_TEAM, START_POS, END_POS) VALUES (42, 24, 7, '17', '17');
INSERT INTO RACE_DETAILS (ID_RACE, ID_DRIVER, ID_DRIVER_TEAM, START_POS, END_POS) VALUES (42, 6, 5, '5', 'OUT');
INSERT INTO RACE_DETAILS (ID_RACE, ID_DRIVER, ID_DRIVER_TEAM, START_POS, END_POS) VALUES (42, 10, 2, '7', 'OUT');
INSERT INTO RACE_DETAILS (ID_RACE, ID_DRIVER, ID_DRIVER_TEAM, START_POS, END_POS) VALUES (42, 5, 1, '1', 'OUT');
INSERT INTO RACE_DETAILS (ID_RACE, ID_DRIVER, ID_DRIVER_TEAM, START_POS, END_POS) VALUES (43, 20, 8, '1', '1');
INSERT INTO RACE_DETAILS (ID_RACE, ID_DRIVER, ID_DRIVER_TEAM, START_POS, END_POS) VALUES (43, 4, 4, '3', '2');
INSERT INTO RACE_DETAILS (ID_RACE, ID_DRIVER, ID_DRIVER_TEAM, START_POS, END_POS) VALUES (43, 2, 8, '4', '3');
INSERT INTO RACE_DETAILS (ID_RACE, ID_DRIVER, ID_DRIVER_TEAM, START_POS, END_POS) VALUES (43, 7, 4, '2', '4');
INSERT INTO RACE_DETAILS (ID_RACE, ID_DRIVER, ID_DRIVER_TEAM, START_POS, END_POS) VALUES (43, 5, 1, '5', '5');
INSERT INTO RACE_DETAILS (ID_RACE, ID_DRIVER, ID_DRIVER_TEAM, START_POS, END_POS) VALUES (43, 9, 1, '7', '6');
INSERT INTO RACE_DETAILS (ID_RACE, ID_DRIVER, ID_DRIVER_TEAM, START_POS, END_POS) VALUES (43, 21, 6, '11', '7');
INSERT INTO RACE_DETAILS (ID_RACE, ID_DRIVER, ID_DRIVER_TEAM, START_POS, END_POS) VALUES (43, 11, 10, '10', '8');
INSERT INTO RACE_DETAILS (ID_RACE, ID_DRIVER, ID_DRIVER_TEAM, START_POS, END_POS) VALUES (43, 1, 6, '8', '9');
INSERT INTO RACE_DETAILS (ID_RACE, ID_DRIVER, ID_DRIVER_TEAM, START_POS, END_POS) VALUES (43, 10, 2, '6', '10');
INSERT INTO RACE_DETAILS (ID_RACE, ID_DRIVER, ID_DRIVER_TEAM, START_POS, END_POS) VALUES (43, 13, 9, '14', '11');
INSERT INTO RACE_DETAILS (ID_RACE, ID_DRIVER, ID_DRIVER_TEAM, START_POS, END_POS) VALUES (43, 17, 7, '17', '12');
INSERT INTO RACE_DETAILS (ID_RACE, ID_DRIVER, ID_DRIVER_TEAM, START_POS, END_POS) VALUES (43, 14, 2, '12', '13');
INSERT INTO RACE_DETAILS (ID_RACE, ID_DRIVER, ID_DRIVER_TEAM, START_POS, END_POS) VALUES (43, 22, 5, '16', '14');
INSERT INTO RACE_DETAILS (ID_RACE, ID_DRIVER, ID_DRIVER_TEAM, START_POS, END_POS) VALUES (43, 6, 5, '20', '15');
INSERT INTO RACE_DETAILS (ID_RACE, ID_DRIVER, ID_DRIVER_TEAM, START_POS, END_POS) VALUES (43, 23, 3, '15', '16');
INSERT INTO RACE_DETAILS (ID_RACE, ID_DRIVER, ID_DRIVER_TEAM, START_POS, END_POS) VALUES (43, 16, 3, '19', '17');
INSERT INTO RACE_DETAILS (ID_RACE, ID_DRIVER, ID_DRIVER_TEAM, START_POS, END_POS) VALUES (43, 24, 7, '18', '18');
INSERT INTO RACE_DETAILS (ID_RACE, ID_DRIVER, ID_DRIVER_TEAM, START_POS, END_POS) VALUES (43, 3, 10, '9', '19');
INSERT INTO RACE_DETAILS (ID_RACE, ID_DRIVER, ID_DRIVER_TEAM, START_POS, END_POS) VALUES (43, 15, 9, '13', 'OUT');
INSERT INTO RACE_DETAILS (ID_RACE, ID_DRIVER, ID_DRIVER_TEAM, START_POS, END_POS) VALUES (44, 7, 4, '1', '1');
INSERT INTO RACE_DETAILS (ID_RACE, ID_DRIVER, ID_DRIVER_TEAM, START_POS, END_POS) VALUES (44, 4, 4, '2', '2');
INSERT INTO RACE_DETAILS (ID_RACE, ID_DRIVER, ID_DRIVER_TEAM, START_POS, END_POS) VALUES (44, 5, 1, '7', '3');
INSERT INTO RACE_DETAILS (ID_RACE, ID_DRIVER, ID_DRIVER_TEAM, START_POS, END_POS) VALUES (44, 9, 1, '5', '4');
INSERT INTO RACE_DETAILS (ID_RACE, ID_DRIVER, ID_DRIVER_TEAM, START_POS, END_POS) VALUES (44, 3, 10, '17', '5');
INSERT INTO RACE_DETAILS (ID_RACE, ID_DRIVER, ID_DRIVER_TEAM, START_POS, END_POS) VALUES (44, 20, 8, '3', '6');
INSERT INTO RACE_DETAILS (ID_RACE, ID_DRIVER, ID_DRIVER_TEAM, START_POS, END_POS) VALUES (44, 2, 8, '4', '7');
INSERT INTO RACE_DETAILS (ID_RACE, ID_DRIVER, ID_DRIVER_TEAM, START_POS, END_POS) VALUES (44, 11, 10, '16', '8');
INSERT INTO RACE_DETAILS (ID_RACE, ID_DRIVER, ID_DRIVER_TEAM, START_POS, END_POS) VALUES (44, 10, 2, '14', '9');
INSERT INTO RACE_DETAILS (ID_RACE, ID_DRIVER, ID_DRIVER_TEAM, START_POS, END_POS) VALUES (44, 6, 5, '15', '10');
INSERT INTO RACE_DETAILS (ID_RACE, ID_DRIVER, ID_DRIVER_TEAM, START_POS, END_POS) VALUES (44, 22, 5, '9', '11');
INSERT INTO RACE_DETAILS (ID_RACE, ID_DRIVER, ID_DRIVER_TEAM, START_POS, END_POS) VALUES (44, 14, 2, '13', '12');
INSERT INTO RACE_DETAILS (ID_RACE, ID_DRIVER, ID_DRIVER_TEAM, START_POS, END_POS) VALUES (44, 23, 3, '12', '13');
INSERT INTO RACE_DETAILS (ID_RACE, ID_DRIVER, ID_DRIVER_TEAM, START_POS, END_POS) VALUES (44, 13, 9, '10', '14');
INSERT INTO RACE_DETAILS (ID_RACE, ID_DRIVER, ID_DRIVER_TEAM, START_POS, END_POS) VALUES (44, 17, 7, '19', '15');
INSERT INTO RACE_DETAILS (ID_RACE, ID_DRIVER, ID_DRIVER_TEAM, START_POS, END_POS) VALUES (44, 24, 7, '18', '16');
INSERT INTO RACE_DETAILS (ID_RACE, ID_DRIVER, ID_DRIVER_TEAM, START_POS, END_POS) VALUES (44, 15, 9, 'PL', '17');
INSERT INTO RACE_DETAILS (ID_RACE, ID_DRIVER, ID_DRIVER_TEAM, START_POS, END_POS) VALUES (44, 1, 6, '6', 'OUT');
INSERT INTO RACE_DETAILS (ID_RACE, ID_DRIVER, ID_DRIVER_TEAM, START_POS, END_POS) VALUES (44, 16, 3, '8', 'OUT');
INSERT INTO RACE_DETAILS (ID_RACE, ID_DRIVER, ID_DRIVER_TEAM, START_POS, END_POS) VALUES (44, 21, 6, '11', 'OUT');
INSERT INTO RACE_DETAILS (ID_RACE, ID_DRIVER, ID_DRIVER_TEAM, START_POS, END_POS) VALUES (45, 20, 8, '1', '1');
INSERT INTO RACE_DETAILS (ID_RACE, ID_DRIVER, ID_DRIVER_TEAM, START_POS, END_POS) VALUES (45, 9, 1, '3', '2');
INSERT INTO RACE_DETAILS (ID_RACE, ID_DRIVER, ID_DRIVER_TEAM, START_POS, END_POS) VALUES (45, 2, 8, '2', '3');
INSERT INTO RACE_DETAILS (ID_RACE, ID_DRIVER, ID_DRIVER_TEAM, START_POS, END_POS) VALUES (45, 5, 1, '4', '4');
INSERT INTO RACE_DETAILS (ID_RACE, ID_DRIVER, ID_DRIVER_TEAM, START_POS, END_POS) VALUES (45, 7, 4, '6', '5');
INSERT INTO RACE_DETAILS (ID_RACE, ID_DRIVER, ID_DRIVER_TEAM, START_POS, END_POS) VALUES (45, 1, 6, '7', '6');
INSERT INTO RACE_DETAILS (ID_RACE, ID_DRIVER, ID_DRIVER_TEAM, START_POS, END_POS) VALUES (45, 11, 10, '8', '7');
INSERT INTO RACE_DETAILS (ID_RACE, ID_DRIVER, ID_DRIVER_TEAM, START_POS, END_POS) VALUES (45, 6, 5, '14', '8');
INSERT INTO RACE_DETAILS (ID_RACE, ID_DRIVER, ID_DRIVER_TEAM, START_POS, END_POS) VALUES (45, 21, 6, '13', '9');
INSERT INTO RACE_DETAILS (ID_RACE, ID_DRIVER, ID_DRIVER_TEAM, START_POS, END_POS) VALUES (45, 22, 5, '9', '10');
INSERT INTO RACE_DETAILS (ID_RACE, ID_DRIVER, ID_DRIVER_TEAM, START_POS, END_POS) VALUES (45, 15, 9, '11', '11');
INSERT INTO RACE_DETAILS (ID_RACE, ID_DRIVER, ID_DRIVER_TEAM, START_POS, END_POS) VALUES (45, 14, 2, '15', '12');
INSERT INTO RACE_DETAILS (ID_RACE, ID_DRIVER, ID_DRIVER_TEAM, START_POS, END_POS) VALUES (45, 17, 7, '19', '13');
INSERT INTO RACE_DETAILS (ID_RACE, ID_DRIVER, ID_DRIVER_TEAM, START_POS, END_POS) VALUES (45, 13, 9, '17', '14');
INSERT INTO RACE_DETAILS (ID_RACE, ID_DRIVER, ID_DRIVER_TEAM, START_POS, END_POS) VALUES (45, 10, 2, '18', '15');
INSERT INTO RACE_DETAILS (ID_RACE, ID_DRIVER, ID_DRIVER_TEAM, START_POS, END_POS) VALUES (45, 23, 3, '12', '16');
INSERT INTO RACE_DETAILS (ID_RACE, ID_DRIVER, ID_DRIVER_TEAM, START_POS, END_POS) VALUES (45, 16, 3, '16', '17');
INSERT INTO RACE_DETAILS (ID_RACE, ID_DRIVER, ID_DRIVER_TEAM, START_POS, END_POS) VALUES (45, 4, 4, '5', '18');
INSERT INTO RACE_DETAILS (ID_RACE, ID_DRIVER, ID_DRIVER_TEAM, START_POS, END_POS) VALUES (45, 24, 7, '20', '19');
INSERT INTO RACE_DETAILS (ID_RACE, ID_DRIVER, ID_DRIVER_TEAM, START_POS, END_POS) VALUES (45, 3, 10, '10', 'OUT');
INSERT INTO RACE_DETAILS (ID_RACE, ID_DRIVER, ID_DRIVER_TEAM, START_POS, END_POS) VALUES (4, 2, 8, '3', '1');
INSERT INTO RACE_DETAILS (ID_RACE, ID_DRIVER, ID_DRIVER_TEAM, START_POS, END_POS) VALUES (4, 20, 8, '2', '2');
INSERT INTO RACE_DETAILS (ID_RACE, ID_DRIVER, ID_DRIVER_TEAM, START_POS, END_POS) VALUES (4, 9, 1, '1', '3');
INSERT INTO RACE_DETAILS (ID_RACE, ID_DRIVER, ID_DRIVER_TEAM, START_POS, END_POS) VALUES (4, 3, 5, '6', '4');
INSERT INTO RACE_DETAILS (ID_RACE, ID_DRIVER, ID_DRIVER_TEAM, START_POS, END_POS) VALUES (4, 5, 1, '4', '5');
INSERT INTO RACE_DETAILS (ID_RACE, ID_DRIVER, ID_DRIVER_TEAM, START_POS, END_POS) VALUES (4, 4, 4, '5', '6');
INSERT INTO RACE_DETAILS (ID_RACE, ID_DRIVER, ID_DRIVER_TEAM, START_POS, END_POS) VALUES (4, 6, 5, '9', '7');
INSERT INTO RACE_DETAILS (ID_RACE, ID_DRIVER, ID_DRIVER_TEAM, START_POS, END_POS) VALUES (4, 7, 4, '11', '8');
INSERT INTO RACE_DETAILS (ID_RACE, ID_DRIVER, ID_DRIVER_TEAM, START_POS, END_POS) VALUES (4, 1, 5, '7', '9');
INSERT INTO RACE_DETAILS (ID_RACE, ID_DRIVER, ID_DRIVER_TEAM, START_POS, END_POS) VALUES (4, 15, 9, '8', '10');
INSERT INTO RACE_DETAILS (ID_RACE, ID_DRIVER, ID_DRIVER_TEAM, START_POS, END_POS) VALUES (4, 12, 6, '10', '11');
INSERT INTO RACE_DETAILS (ID_RACE, ID_DRIVER, ID_DRIVER_TEAM, START_POS, END_POS) VALUES (4, 17, 7, '12', '12');
INSERT INTO RACE_DETAILS (ID_RACE, ID_DRIVER, ID_DRIVER_TEAM, START_POS, END_POS) VALUES (4, 16, 3, '16', '13');
INSERT INTO RACE_DETAILS (ID_RACE, ID_DRIVER, ID_DRIVER_TEAM, START_POS, END_POS) VALUES (4, 13, 10, '17', '14');
INSERT INTO RACE_DETAILS (ID_RACE, ID_DRIVER, ID_DRIVER_TEAM, START_POS, END_POS) VALUES (4, 11, 10, '19', '15');
INSERT INTO RACE_DETAILS (ID_RACE, ID_DRIVER, ID_DRIVER_TEAM, START_POS, END_POS) VALUES (4, 18, 7, '14', '16');
INSERT INTO RACE_DETAILS (ID_RACE, ID_DRIVER, ID_DRIVER_TEAM, START_POS, END_POS) VALUES (4, 8, 3, '20', '17');
INSERT INTO RACE_DETAILS (ID_RACE, ID_DRIVER, ID_DRIVER_TEAM, START_POS, END_POS) VALUES (4, 10, 2, '13', '18');
INSERT INTO RACE_DETAILS (ID_RACE, ID_DRIVER, ID_DRIVER_TEAM, START_POS, END_POS) VALUES (4, 14, 2, '15', 'OUT');
INSERT INTO RACE_DETAILS (ID_RACE, ID_DRIVER, ID_DRIVER_TEAM, START_POS, END_POS) VALUES (4, 19, 9, '18', 'OUT');
INSERT INTO RACE_DETAILS (ID_RACE, ID_DRIVER, ID_DRIVER_TEAM, START_POS, END_POS) VALUES (5, 20, 8, '9', '1');
INSERT INTO RACE_DETAILS (ID_RACE, ID_DRIVER, ID_DRIVER_TEAM, START_POS, END_POS) VALUES (5, 2, 8, '1', '2');
INSERT INTO RACE_DETAILS (ID_RACE, ID_DRIVER, ID_DRIVER_TEAM, START_POS, END_POS) VALUES (5, 3, 5, '2', '3');
INSERT INTO RACE_DETAILS (ID_RACE, ID_DRIVER, ID_DRIVER_TEAM, START_POS, END_POS) VALUES (5, 7, 4, '6', '4');
INSERT INTO RACE_DETAILS (ID_RACE, ID_DRIVER, ID_DRIVER_TEAM, START_POS, END_POS) VALUES (5, 5, 1, '3', '5');
INSERT INTO RACE_DETAILS (ID_RACE, ID_DRIVER, ID_DRIVER_TEAM, START_POS, END_POS) VALUES (5, 4, 4, '13', '6');
INSERT INTO RACE_DETAILS (ID_RACE, ID_DRIVER, ID_DRIVER_TEAM, START_POS, END_POS) VALUES (5, 9, 1, '7', '7');
INSERT INTO RACE_DETAILS (ID_RACE, ID_DRIVER, ID_DRIVER_TEAM, START_POS, END_POS) VALUES (5, 13, 10, '5', '8');
INSERT INTO RACE_DETAILS (ID_RACE, ID_DRIVER, ID_DRIVER_TEAM, START_POS, END_POS) VALUES (5, 11, 10, '8', '9');
INSERT INTO RACE_DETAILS (ID_RACE, ID_DRIVER, ID_DRIVER_TEAM, START_POS, END_POS) VALUES (5, 16, 3, '4', '10');
INSERT INTO RACE_DETAILS (ID_RACE, ID_DRIVER, ID_DRIVER_TEAM, START_POS, END_POS) VALUES (5, 15, 9, '17', '11');
INSERT INTO RACE_DETAILS (ID_RACE, ID_DRIVER, ID_DRIVER_TEAM, START_POS, END_POS) VALUES (5, 6, 5, '18', '12');
INSERT INTO RACE_DETAILS (ID_RACE, ID_DRIVER, ID_DRIVER_TEAM, START_POS, END_POS) VALUES (5, 10, 2, '10', '13');
INSERT INTO RACE_DETAILS (ID_RACE, ID_DRIVER, ID_DRIVER_TEAM, START_POS, END_POS) VALUES (5, 17, 7, '11', '14');
INSERT INTO RACE_DETAILS (ID_RACE, ID_DRIVER, ID_DRIVER_TEAM, START_POS, END_POS) VALUES (5, 8, 3, '12', '15');
INSERT INTO RACE_DETAILS (ID_RACE, ID_DRIVER, ID_DRIVER_TEAM, START_POS, END_POS) VALUES (5, 14, 2, '14', '16');
INSERT INTO RACE_DETAILS (ID_RACE, ID_DRIVER, ID_DRIVER_TEAM, START_POS, END_POS) VALUES (5, 1, 6, '16', '17');
INSERT INTO RACE_DETAILS (ID_RACE, ID_DRIVER, ID_DRIVER_TEAM, START_POS, END_POS) VALUES (5, 19, 9, '15', '18');
INSERT INTO RACE_DETAILS (ID_RACE, ID_DRIVER, ID_DRIVER_TEAM, START_POS, END_POS) VALUES (5, 12, 6, '19', '19');
INSERT INTO RACE_DETAILS (ID_RACE, ID_DRIVER, ID_DRIVER_TEAM, START_POS, END_POS) VALUES (5, 18, 7, '20', '20');
INSERT INTO RACE_DETAILS (ID_RACE, ID_DRIVER, ID_DRIVER_TEAM, START_POS, END_POS) VALUES (7, 20, 8, '1', '1');
INSERT INTO RACE_DETAILS (ID_RACE, ID_DRIVER, ID_DRIVER_TEAM, START_POS, END_POS) VALUES (7, 3, 5, '2', '2');
INSERT INTO RACE_DETAILS (ID_RACE, ID_DRIVER, ID_DRIVER_TEAM, START_POS, END_POS) VALUES (7, 11, 10, '3', '3');
INSERT INTO RACE_DETAILS (ID_RACE, ID_DRIVER, ID_DRIVER_TEAM, START_POS, END_POS) VALUES (7, 4, 4, '5', '4');
INSERT INTO RACE_DETAILS (ID_RACE, ID_DRIVER, ID_DRIVER_TEAM, START_POS, END_POS) VALUES (7, 7, 4, '8', '5');
INSERT INTO RACE_DETAILS (ID_RACE, ID_DRIVER, ID_DRIVER_TEAM, START_POS, END_POS) VALUES (7, 9, 1, '6', '6');
INSERT INTO RACE_DETAILS (ID_RACE, ID_DRIVER, ID_DRIVER_TEAM, START_POS, END_POS) VALUES (7, 13, 10, '7', '7');
INSERT INTO RACE_DETAILS (ID_RACE, ID_DRIVER, ID_DRIVER_TEAM, START_POS, END_POS) VALUES (7, 5, 1, '4', '8');
INSERT INTO RACE_DETAILS (ID_RACE, ID_DRIVER, ID_DRIVER_TEAM, START_POS, END_POS) VALUES (7, 1, 6, '10', '9');
INSERT INTO RACE_DETAILS (ID_RACE, ID_DRIVER, ID_DRIVER_TEAM, START_POS, END_POS) VALUES (7, 12, 6, '11', '10');
INSERT INTO RACE_DETAILS (ID_RACE, ID_DRIVER, ID_DRIVER_TEAM, START_POS, END_POS) VALUES (7, 10, 2, '15', '11');
INSERT INTO RACE_DETAILS (ID_RACE, ID_DRIVER, ID_DRIVER_TEAM, START_POS, END_POS) VALUES (7, 19, 9, '12', '12');
INSERT INTO RACE_DETAILS (ID_RACE, ID_DRIVER, ID_DRIVER_TEAM, START_POS, END_POS) VALUES (7, 14, 2, '19', '13');
INSERT INTO RACE_DETAILS (ID_RACE, ID_DRIVER, ID_DRIVER_TEAM, START_POS, END_POS) VALUES (7, 17, 7, '13', '14');
INSERT INTO RACE_DETAILS (ID_RACE, ID_DRIVER, ID_DRIVER_TEAM, START_POS, END_POS) VALUES (7, 15, 9, '9', '15');
INSERT INTO RACE_DETAILS (ID_RACE, ID_DRIVER, ID_DRIVER_TEAM, START_POS, END_POS) VALUES (7, 2, 8, '20', '16');
INSERT INTO RACE_DETAILS (ID_RACE, ID_DRIVER, ID_DRIVER_TEAM, START_POS, END_POS) VALUES (7, 8, 3, '18', '17');
INSERT INTO RACE_DETAILS (ID_RACE, ID_DRIVER, ID_DRIVER_TEAM, START_POS, END_POS) VALUES (7, 18, 7, '16', '18');
INSERT INTO RACE_DETAILS (ID_RACE, ID_DRIVER, ID_DRIVER_TEAM, START_POS, END_POS) VALUES (7, 16, 3, '17', '19');
INSERT INTO RACE_DETAILS (ID_RACE, ID_DRIVER, ID_DRIVER_TEAM, START_POS, END_POS) VALUES (7, 6, 5, '14', 'OUT');
INSERT INTO RACE_DETAILS (ID_RACE, ID_DRIVER, ID_DRIVER_TEAM, START_POS, END_POS) VALUES (8, 20, 8, '1', '1');
INSERT INTO RACE_DETAILS (ID_RACE, ID_DRIVER, ID_DRIVER_TEAM, START_POS, END_POS) VALUES (8, 4, 4, '4', '2');
INSERT INTO RACE_DETAILS (ID_RACE, ID_DRIVER, ID_DRIVER_TEAM, START_POS, END_POS) VALUES (8, 7, 4, '12', '3');
INSERT INTO RACE_DETAILS (ID_RACE, ID_DRIVER, ID_DRIVER_TEAM, START_POS, END_POS) VALUES (8, 2, 8, '11', '4');
INSERT INTO RACE_DETAILS (ID_RACE, ID_DRIVER, ID_DRIVER_TEAM, START_POS, END_POS) VALUES (8, 5, 1, '2', '5');
INSERT INTO RACE_DETAILS (ID_RACE, ID_DRIVER, ID_DRIVER_TEAM, START_POS, END_POS) VALUES (8, 6, 5, '5', '6');
INSERT INTO RACE_DETAILS (ID_RACE, ID_DRIVER, ID_DRIVER_TEAM, START_POS, END_POS) VALUES (8, 3, 5, '8', '7');
INSERT INTO RACE_DETAILS (ID_RACE, ID_DRIVER, ID_DRIVER_TEAM, START_POS, END_POS) VALUES (8, 11, 10, '6', '8');
INSERT INTO RACE_DETAILS (ID_RACE, ID_DRIVER, ID_DRIVER_TEAM, START_POS, END_POS) VALUES (8, 14, 2, '13', '9');
INSERT INTO RACE_DETAILS (ID_RACE, ID_DRIVER, ID_DRIVER_TEAM, START_POS, END_POS) VALUES (8, 13, 10, '10', '10');
INSERT INTO RACE_DETAILS (ID_RACE, ID_DRIVER, ID_DRIVER_TEAM, START_POS, END_POS) VALUES (8, 9, 1, '19', '11');
INSERT INTO RACE_DETAILS (ID_RACE, ID_DRIVER, ID_DRIVER_TEAM, START_POS, END_POS) VALUES (8, 15, 9, '15', '12');
INSERT INTO RACE_DETAILS (ID_RACE, ID_DRIVER, ID_DRIVER_TEAM, START_POS, END_POS) VALUES (8, 12, 6, '9', '13');
INSERT INTO RACE_DETAILS (ID_RACE, ID_DRIVER, ID_DRIVER_TEAM, START_POS, END_POS) VALUES (8, 19, 9, '14', '14');
INSERT INTO RACE_DETAILS (ID_RACE, ID_DRIVER, ID_DRIVER_TEAM, START_POS, END_POS) VALUES (8, 8, 3, '7', '15');
INSERT INTO RACE_DETAILS (ID_RACE, ID_DRIVER, ID_DRIVER_TEAM, START_POS, END_POS) VALUES (8, 17, 7, '18', '16');
INSERT INTO RACE_DETAILS (ID_RACE, ID_DRIVER, ID_DRIVER_TEAM, START_POS, END_POS) VALUES (8, 1, 6, '3', '17');
INSERT INTO RACE_DETAILS (ID_RACE, ID_DRIVER, ID_DRIVER_TEAM, START_POS, END_POS) VALUES (8, 16, 3, '17', '18');
INSERT INTO RACE_DETAILS (ID_RACE, ID_DRIVER, ID_DRIVER_TEAM, START_POS, END_POS) VALUES (8, 10, 2, '16', '19');
INSERT INTO RACE_DETAILS (ID_RACE, ID_DRIVER, ID_DRIVER_TEAM, START_POS, END_POS) VALUES (8, 18, 7, '20', '20');
INSERT INTO RACE_DETAILS (ID_RACE, ID_DRIVER, ID_DRIVER_TEAM, START_POS, END_POS) VALUES (9, 20, 8, '1', '1');
INSERT INTO RACE_DETAILS (ID_RACE, ID_DRIVER, ID_DRIVER_TEAM, START_POS, END_POS) VALUES (9, 3, 5, '2', '2');
INSERT INTO RACE_DETAILS (ID_RACE, ID_DRIVER, ID_DRIVER_TEAM, START_POS, END_POS) VALUES (9, 4, 4, '3', '3');
INSERT INTO RACE_DETAILS (ID_RACE, ID_DRIVER, ID_DRIVER_TEAM, START_POS, END_POS) VALUES (9, 9, 1, '10', '4');
INSERT INTO RACE_DETAILS (ID_RACE, ID_DRIVER, ID_DRIVER_TEAM, START_POS, END_POS) VALUES (9, 5, 1, '11', '5');
INSERT INTO RACE_DETAILS (ID_RACE, ID_DRIVER, ID_DRIVER_TEAM, START_POS, END_POS) VALUES (9, 2, 8, '12', '6');
INSERT INTO RACE_DETAILS (ID_RACE, ID_DRIVER, ID_DRIVER_TEAM, START_POS, END_POS) VALUES (9, 17, 7, '9', '7');
INSERT INTO RACE_DETAILS (ID_RACE, ID_DRIVER, ID_DRIVER_TEAM, START_POS, END_POS) VALUES (9, 11, 10, '6', '8');
INSERT INTO RACE_DETAILS (ID_RACE, ID_DRIVER, ID_DRIVER_TEAM, START_POS, END_POS) VALUES (9, 6, 5, '16', '9');
INSERT INTO RACE_DETAILS (ID_RACE, ID_DRIVER, ID_DRIVER_TEAM, START_POS, END_POS) VALUES (9, 10, 2, '14', '10');
INSERT INTO RACE_DETAILS (ID_RACE, ID_DRIVER, ID_DRIVER_TEAM, START_POS, END_POS) VALUES (9, 12, 6, '8', '11');
INSERT INTO RACE_DETAILS (ID_RACE, ID_DRIVER, ID_DRIVER_TEAM, START_POS, END_POS) VALUES (9, 13, 10, '15', '12');
INSERT INTO RACE_DETAILS (ID_RACE, ID_DRIVER, ID_DRIVER_TEAM, START_POS, END_POS) VALUES (9, 1, 6, '7', '13');
INSERT INTO RACE_DETAILS (ID_RACE, ID_DRIVER, ID_DRIVER_TEAM, START_POS, END_POS) VALUES (9, 15, 9, '19', '14');
INSERT INTO RACE_DETAILS (ID_RACE, ID_DRIVER, ID_DRIVER_TEAM, START_POS, END_POS) VALUES (9, 8, 3, '5', '15');
INSERT INTO RACE_DETAILS (ID_RACE, ID_DRIVER, ID_DRIVER_TEAM, START_POS, END_POS) VALUES (9, 14, 2, '20', '16');
INSERT INTO RACE_DETAILS (ID_RACE, ID_DRIVER, ID_DRIVER_TEAM, START_POS, END_POS) VALUES (9, 16, 3, '13', '17');
INSERT INTO RACE_DETAILS (ID_RACE, ID_DRIVER, ID_DRIVER_TEAM, START_POS, END_POS) VALUES (9, 19, 9, '17', '18');
INSERT INTO RACE_DETAILS (ID_RACE, ID_DRIVER, ID_DRIVER_TEAM, START_POS, END_POS) VALUES (9, 7, 4, '4', 'OUT');
INSERT INTO RACE_DETAILS (ID_RACE, ID_DRIVER, ID_DRIVER_TEAM, START_POS, END_POS) VALUES (9, 18, 7, '18', 'OUT');
INSERT INTO RACE_DETAILS (ID_RACE, ID_DRIVER, ID_DRIVER_TEAM, START_POS, END_POS) VALUES (10, 20, 8, '1', '1');
INSERT INTO RACE_DETAILS (ID_RACE, ID_DRIVER, ID_DRIVER_TEAM, START_POS, END_POS) VALUES (10, 9, 1, '2', '2');
INSERT INTO RACE_DETAILS (ID_RACE, ID_DRIVER, ID_DRIVER_TEAM, START_POS, END_POS) VALUES (10, 2, 8, '15', '3');
INSERT INTO RACE_DETAILS (ID_RACE, ID_DRIVER, ID_DRIVER_TEAM, START_POS, END_POS) VALUES (10, 1, 6, '4', '4');
INSERT INTO RACE_DETAILS (ID_RACE, ID_DRIVER, ID_DRIVER_TEAM, START_POS, END_POS) VALUES (10, 3, 5, '7', '5');
INSERT INTO RACE_DETAILS (ID_RACE, ID_DRIVER, ID_DRIVER_TEAM, START_POS, END_POS) VALUES (10, 5, 1, '3', '6');
INSERT INTO RACE_DETAILS (ID_RACE, ID_DRIVER, ID_DRIVER_TEAM, START_POS, END_POS) VALUES (10, 7, 4, '11', '7');
INSERT INTO RACE_DETAILS (ID_RACE, ID_DRIVER, ID_DRIVER_TEAM, START_POS, END_POS) VALUES (10, 4, 4, '5', '8');
INSERT INTO RACE_DETAILS (ID_RACE, ID_DRIVER, ID_DRIVER_TEAM, START_POS, END_POS) VALUES (10, 6, 5, '6', '9');
INSERT INTO RACE_DETAILS (ID_RACE, ID_DRIVER, ID_DRIVER_TEAM, START_POS, END_POS) VALUES (10, 13, 10, '9', '10');
INSERT INTO RACE_DETAILS (ID_RACE, ID_DRIVER, ID_DRIVER_TEAM, START_POS, END_POS) VALUES (10, 17, 7, '10', '11');
INSERT INTO RACE_DETAILS (ID_RACE, ID_DRIVER, ID_DRIVER_TEAM, START_POS, END_POS) VALUES (10, 14, 2, '17', '12');
INSERT INTO RACE_DETAILS (ID_RACE, ID_DRIVER, ID_DRIVER_TEAM, START_POS, END_POS) VALUES (10, 18, 7, '18', '13');
INSERT INTO RACE_DETAILS (ID_RACE, ID_DRIVER, ID_DRIVER_TEAM, START_POS, END_POS) VALUES (10, 11, 10, '12', '14');
INSERT INTO RACE_DETAILS (ID_RACE, ID_DRIVER, ID_DRIVER_TEAM, START_POS, END_POS) VALUES (10, 10, 2, '14', '15');
INSERT INTO RACE_DETAILS (ID_RACE, ID_DRIVER, ID_DRIVER_TEAM, START_POS, END_POS) VALUES (10, 12, 6, '13', '16');
INSERT INTO RACE_DETAILS (ID_RACE, ID_DRIVER, ID_DRIVER_TEAM, START_POS, END_POS) VALUES (10, 19, 9, '20', '17');
INSERT INTO RACE_DETAILS (ID_RACE, ID_DRIVER, ID_DRIVER_TEAM, START_POS, END_POS) VALUES (10, 16, 3, '19', '18');
INSERT INTO RACE_DETAILS (ID_RACE, ID_DRIVER, ID_DRIVER_TEAM, START_POS, END_POS) VALUES (10, 15, 9, '16', '19');
INSERT INTO RACE_DETAILS (ID_RACE, ID_DRIVER, ID_DRIVER_TEAM, START_POS, END_POS) VALUES (10, 8, 3, '8', 'OUT');
INSERT INTO RACE_DETAILS (ID_RACE, ID_DRIVER, ID_DRIVER_TEAM, START_POS, END_POS) VALUES (11, 20, 8, '1', '1');
INSERT INTO RACE_DETAILS (ID_RACE, ID_DRIVER, ID_DRIVER_TEAM, START_POS, END_POS) VALUES (11, 1, 6, '2', '2');
INSERT INTO RACE_DETAILS (ID_RACE, ID_DRIVER, ID_DRIVER_TEAM, START_POS, END_POS) VALUES (11, 4, 4, '7', '3');
INSERT INTO RACE_DETAILS (ID_RACE, ID_DRIVER, ID_DRIVER_TEAM, START_POS, END_POS) VALUES (11, 12, 6, '3', '4');
INSERT INTO RACE_DETAILS (ID_RACE, ID_DRIVER, ID_DRIVER_TEAM, START_POS, END_POS) VALUES (11, 7, 4, '6', '5');
INSERT INTO RACE_DETAILS (ID_RACE, ID_DRIVER, ID_DRIVER_TEAM, START_POS, END_POS) VALUES (11, 2, 8, '15', '6');
INSERT INTO RACE_DETAILS (ID_RACE, ID_DRIVER, ID_DRIVER_TEAM, START_POS, END_POS) VALUES (11, 3, 5, '9', '7');
INSERT INTO RACE_DETAILS (ID_RACE, ID_DRIVER, ID_DRIVER_TEAM, START_POS, END_POS) VALUES (11, 17, 7, '8', '8');
INSERT INTO RACE_DETAILS (ID_RACE, ID_DRIVER, ID_DRIVER_TEAM, START_POS, END_POS) VALUES (11, 9, 1, '4', '9');
INSERT INTO RACE_DETAILS (ID_RACE, ID_DRIVER, ID_DRIVER_TEAM, START_POS, END_POS) VALUES (11, 5, 1, '5', '10');
INSERT INTO RACE_DETAILS (ID_RACE, ID_DRIVER, ID_DRIVER_TEAM, START_POS, END_POS) VALUES (11, 18, 7, '14', '11');
INSERT INTO RACE_DETAILS (ID_RACE, ID_DRIVER, ID_DRIVER_TEAM, START_POS, END_POS) VALUES (11, 10, 2, '20', '12');
INSERT INTO RACE_DETAILS (ID_RACE, ID_DRIVER, ID_DRIVER_TEAM, START_POS, END_POS) VALUES (11, 8, 3, '11', '13');
INSERT INTO RACE_DETAILS (ID_RACE, ID_DRIVER, ID_DRIVER_TEAM, START_POS, END_POS) VALUES (11, 6, 5, '12', '14');
INSERT INTO RACE_DETAILS (ID_RACE, ID_DRIVER, ID_DRIVER_TEAM, START_POS, END_POS) VALUES (11, 14, 2, '17', '15');
INSERT INTO RACE_DETAILS (ID_RACE, ID_DRIVER, ID_DRIVER_TEAM, START_POS, END_POS) VALUES (11, 15, 9, '16', '16');
INSERT INTO RACE_DETAILS (ID_RACE, ID_DRIVER, ID_DRIVER_TEAM, START_POS, END_POS) VALUES (11, 19, 9, '18', '17');
INSERT INTO RACE_DETAILS (ID_RACE, ID_DRIVER, ID_DRIVER_TEAM, START_POS, END_POS) VALUES (11, 13, 10, '10', 'OUT');
INSERT INTO RACE_DETAILS (ID_RACE, ID_DRIVER, ID_DRIVER_TEAM, START_POS, END_POS) VALUES (11, 16, 3, '19', 'OUT');
INSERT INTO RACE_DETAILS (ID_RACE, ID_DRIVER, ID_DRIVER_TEAM, START_POS, END_POS) VALUES (11, 11, 10, '13', 'OUT');
INSERT INTO RACE_DETAILS (ID_RACE, ID_DRIVER, ID_DRIVER_TEAM, START_POS, END_POS) VALUES (12, 20, 8, '2', '1');
INSERT INTO RACE_DETAILS (ID_RACE, ID_DRIVER, ID_DRIVER_TEAM, START_POS, END_POS) VALUES (12, 1, 6, '3', '2');
INSERT INTO RACE_DETAILS (ID_RACE, ID_DRIVER, ID_DRIVER_TEAM, START_POS, END_POS) VALUES (12, 2, 8, '9', '3');
INSERT INTO RACE_DETAILS (ID_RACE, ID_DRIVER, ID_DRIVER_TEAM, START_POS, END_POS) VALUES (12, 4, 4, '1', '4');
INSERT INTO RACE_DETAILS (ID_RACE, ID_DRIVER, ID_DRIVER_TEAM, START_POS, END_POS) VALUES (12, 12, 6, '4', '5');
INSERT INTO RACE_DETAILS (ID_RACE, ID_DRIVER, ID_DRIVER_TEAM, START_POS, END_POS) VALUES (12, 7, 4, '18', '6');
INSERT INTO RACE_DETAILS (ID_RACE, ID_DRIVER, ID_DRIVER_TEAM, START_POS, END_POS) VALUES (12, 9, 1, '6', '7');
INSERT INTO RACE_DETAILS (ID_RACE, ID_DRIVER, ID_DRIVER_TEAM, START_POS, END_POS) VALUES (12, 5, 1, '11', '8');
INSERT INTO RACE_DETAILS (ID_RACE, ID_DRIVER, ID_DRIVER_TEAM, START_POS, END_POS) VALUES (12, 3, 5, '8', '9');
INSERT INTO RACE_DETAILS (ID_RACE, ID_DRIVER, ID_DRIVER_TEAM, START_POS, END_POS) VALUES (12, 6, 5, '14', '10');
INSERT INTO RACE_DETAILS (ID_RACE, ID_DRIVER, ID_DRIVER_TEAM, START_POS, END_POS) VALUES (12, 17, 7, '16', '11');
INSERT INTO RACE_DETAILS (ID_RACE, ID_DRIVER, ID_DRIVER_TEAM, START_POS, END_POS) VALUES (12, 10, 2, '7', '12');
INSERT INTO RACE_DETAILS (ID_RACE, ID_DRIVER, ID_DRIVER_TEAM, START_POS, END_POS) VALUES (12, 21, 9, '13', '13');
INSERT INTO RACE_DETAILS (ID_RACE, ID_DRIVER, ID_DRIVER_TEAM, START_POS, END_POS) VALUES (12, 8, 3, '10', '14');
INSERT INTO RACE_DETAILS (ID_RACE, ID_DRIVER, ID_DRIVER_TEAM, START_POS, END_POS) VALUES (12, 15, 9, '17', '15');
INSERT INTO RACE_DETAILS (ID_RACE, ID_DRIVER, ID_DRIVER_TEAM, START_POS, END_POS) VALUES (12, 14, 2, '5', '16');
INSERT INTO RACE_DETAILS (ID_RACE, ID_DRIVER, ID_DRIVER_TEAM, START_POS, END_POS) VALUES (12, 16, 3, '19', '17');
INSERT INTO RACE_DETAILS (ID_RACE, ID_DRIVER, ID_DRIVER_TEAM, START_POS, END_POS) VALUES (12, 18, 7, '20', 'OUT');
INSERT INTO RACE_DETAILS (ID_RACE, ID_DRIVER, ID_DRIVER_TEAM, START_POS, END_POS) VALUES (12, 11, 10, '12', 'OUT');
INSERT INTO RACE_DETAILS (ID_RACE, ID_DRIVER, ID_DRIVER_TEAM, START_POS, END_POS) VALUES (12, 13, 10, '15', 'OUT');
INSERT INTO RACE_DETAILS (ID_RACE, ID_DRIVER, ID_DRIVER_TEAM, START_POS, END_POS) VALUES (13, 20, 8, '6', '1');
INSERT INTO RACE_DETAILS (ID_RACE, ID_DRIVER, ID_DRIVER_TEAM, START_POS, END_POS) VALUES (13, 2, 8, '2', '2');
INSERT INTO RACE_DETAILS (ID_RACE, ID_DRIVER, ID_DRIVER_TEAM, START_POS, END_POS) VALUES (13, 9, 1, '1', '3');
INSERT INTO RACE_DETAILS (ID_RACE, ID_DRIVER, ID_DRIVER_TEAM, START_POS, END_POS) VALUES (13, 4, 4, '3', '4');
INSERT INTO RACE_DETAILS (ID_RACE, ID_DRIVER, ID_DRIVER_TEAM, START_POS, END_POS) VALUES (13, 3, 5, '9', '5');
INSERT INTO RACE_DETAILS (ID_RACE, ID_DRIVER, ID_DRIVER_TEAM, START_POS, END_POS) VALUES (13, 7, 4, '8', '6');
INSERT INTO RACE_DETAILS (ID_RACE, ID_DRIVER, ID_DRIVER_TEAM, START_POS, END_POS) VALUES (13, 1, 6, '7', '7');
INSERT INTO RACE_DETAILS (ID_RACE, ID_DRIVER, ID_DRIVER_TEAM, START_POS, END_POS) VALUES (13, 11, 10, '14', '8');
INSERT INTO RACE_DETAILS (ID_RACE, ID_DRIVER, ID_DRIVER_TEAM, START_POS, END_POS) VALUES (13, 6, 5, '10', '9');
INSERT INTO RACE_DETAILS (ID_RACE, ID_DRIVER, ID_DRIVER_TEAM, START_POS, END_POS) VALUES (13, 15, 9, '11', '10');
INSERT INTO RACE_DETAILS (ID_RACE, ID_DRIVER, ID_DRIVER_TEAM, START_POS, END_POS) VALUES (13, 13, 10, '12', '11');
INSERT INTO RACE_DETAILS (ID_RACE, ID_DRIVER, ID_DRIVER_TEAM, START_POS, END_POS) VALUES (13, 10, 2, '13', '12');
INSERT INTO RACE_DETAILS (ID_RACE, ID_DRIVER, ID_DRIVER_TEAM, START_POS, END_POS) VALUES (13, 14, 2, '17', '13');
INSERT INTO RACE_DETAILS (ID_RACE, ID_DRIVER, ID_DRIVER_TEAM, START_POS, END_POS) VALUES (13, 17, 7, '15', '14');
INSERT INTO RACE_DETAILS (ID_RACE, ID_DRIVER, ID_DRIVER_TEAM, START_POS, END_POS) VALUES (13, 16, 3, '16', '15');
INSERT INTO RACE_DETAILS (ID_RACE, ID_DRIVER, ID_DRIVER_TEAM, START_POS, END_POS) VALUES (13, 21, 9, '19', '16');
INSERT INTO RACE_DETAILS (ID_RACE, ID_DRIVER, ID_DRIVER_TEAM, START_POS, END_POS) VALUES (13, 18, 7, '18', '17');
INSERT INTO RACE_DETAILS (ID_RACE, ID_DRIVER, ID_DRIVER_TEAM, START_POS, END_POS) VALUES (13, 8, 3, '20', '18');
INSERT INTO RACE_DETAILS (ID_RACE, ID_DRIVER, ID_DRIVER_TEAM, START_POS, END_POS) VALUES (13, 5, 1, '4', 'OUT');
INSERT INTO RACE_DETAILS (ID_RACE, ID_DRIVER, ID_DRIVER_TEAM, START_POS, END_POS) VALUES (13, 12, 6, '5', 'OUT');
INSERT INTO RACE_DETAILS (ID_RACE, ID_DRIVER, ID_DRIVER_TEAM, START_POS, END_POS) VALUES (14, 20, 8, '1', '1');
INSERT INTO RACE_DETAILS (ID_RACE, ID_DRIVER, ID_DRIVER_TEAM, START_POS, END_POS) VALUES (14, 3, 5, '5', '2');
INSERT INTO RACE_DETAILS (ID_RACE, ID_DRIVER, ID_DRIVER_TEAM, START_POS, END_POS) VALUES (14, 13, 10, '12', '3');
INSERT INTO RACE_DETAILS (ID_RACE, ID_DRIVER, ID_DRIVER_TEAM, START_POS, END_POS) VALUES (14, 2, 8, '7', '4');
INSERT INTO RACE_DETAILS (ID_RACE, ID_DRIVER, ID_DRIVER_TEAM, START_POS, END_POS) VALUES (14, 5, 1, '6', '5');
INSERT INTO RACE_DETAILS (ID_RACE, ID_DRIVER, ID_DRIVER_TEAM, START_POS, END_POS) VALUES (14, 4, 4, '13', '6');
INSERT INTO RACE_DETAILS (ID_RACE, ID_DRIVER, ID_DRIVER_TEAM, START_POS, END_POS) VALUES (14, 1, 6, '2', '7');
INSERT INTO RACE_DETAILS (ID_RACE, ID_DRIVER, ID_DRIVER_TEAM, START_POS, END_POS) VALUES (14, 17, 7, '4', '8');
INSERT INTO RACE_DETAILS (ID_RACE, ID_DRIVER, ID_DRIVER_TEAM, START_POS, END_POS) VALUES (14, 12, 6, '8', '9');
INSERT INTO RACE_DETAILS (ID_RACE, ID_DRIVER, ID_DRIVER_TEAM, START_POS, END_POS) VALUES (14, 11, 10, '16', '10');
INSERT INTO RACE_DETAILS (ID_RACE, ID_DRIVER, ID_DRIVER_TEAM, START_POS, END_POS) VALUES (14, 6, 5, '11', '11');
INSERT INTO RACE_DETAILS (ID_RACE, ID_DRIVER, ID_DRIVER_TEAM, START_POS, END_POS) VALUES (14, 8, 3, '14', '12');
INSERT INTO RACE_DETAILS (ID_RACE, ID_DRIVER, ID_DRIVER_TEAM, START_POS, END_POS) VALUES (14, 25, 9, '19', '13');
INSERT INTO RACE_DETAILS (ID_RACE, ID_DRIVER, ID_DRIVER_TEAM, START_POS, END_POS) VALUES (14, 10, 2, '18', '14');
INSERT INTO RACE_DETAILS (ID_RACE, ID_DRIVER, ID_DRIVER_TEAM, START_POS, END_POS) VALUES (14, 15, 9, '17', '15');
INSERT INTO RACE_DETAILS (ID_RACE, ID_DRIVER, ID_DRIVER_TEAM, START_POS, END_POS) VALUES (14, 16, 3, '20', '16');
INSERT INTO RACE_DETAILS (ID_RACE, ID_DRIVER, ID_DRIVER_TEAM, START_POS, END_POS) VALUES (14, 7, 4, '3', '17');
INSERT INTO RACE_DETAILS (ID_RACE, ID_DRIVER, ID_DRIVER_TEAM, START_POS, END_POS) VALUES (14, 14, 2, '15', 'OUT');
INSERT INTO RACE_DETAILS (ID_RACE, ID_DRIVER, ID_DRIVER_TEAM, START_POS, END_POS) VALUES (14, 9, 1, '9', 'OUT');
INSERT INTO RACE_DETAILS (ID_RACE, ID_DRIVER, ID_DRIVER_TEAM, START_POS, END_POS) VALUES (14, 18, 7, '10', 'OUT');
INSERT INTO RACE_DETAILS (ID_RACE, ID_DRIVER, ID_DRIVER_TEAM, START_POS, END_POS) VALUES (15, 20, 8, '2', '1');
INSERT INTO RACE_DETAILS (ID_RACE, ID_DRIVER, ID_DRIVER_TEAM, START_POS, END_POS) VALUES (15, 2, 8, '5', '2');
INSERT INTO RACE_DETAILS (ID_RACE, ID_DRIVER, ID_DRIVER_TEAM, START_POS, END_POS) VALUES (15, 5, 1, '1', '3');
INSERT INTO RACE_DETAILS (ID_RACE, ID_DRIVER, ID_DRIVER_TEAM, START_POS, END_POS) VALUES (15, 9, 1, '3', '4');
INSERT INTO RACE_DETAILS (ID_RACE, ID_DRIVER, ID_DRIVER_TEAM, START_POS, END_POS) VALUES (15, 7, 4, '4', '5');
INSERT INTO RACE_DETAILS (ID_RACE, ID_DRIVER, ID_DRIVER_TEAM, START_POS, END_POS) VALUES (15, 4, 4, '8', '6');
INSERT INTO RACE_DETAILS (ID_RACE, ID_DRIVER, ID_DRIVER_TEAM, START_POS, END_POS) VALUES (15, 17, 7, '6', '7');
INSERT INTO RACE_DETAILS (ID_RACE, ID_DRIVER, ID_DRIVER_TEAM, START_POS, END_POS) VALUES (15, 1, 6, '9', '8');
INSERT INTO RACE_DETAILS (ID_RACE, ID_DRIVER, ID_DRIVER_TEAM, START_POS, END_POS) VALUES (15, 3, 5, '10', '9');
INSERT INTO RACE_DETAILS (ID_RACE, ID_DRIVER, ID_DRIVER_TEAM, START_POS, END_POS) VALUES (15, 10, 2, '14', '10');
INSERT INTO RACE_DETAILS (ID_RACE, ID_DRIVER, ID_DRIVER_TEAM, START_POS, END_POS) VALUES (15, 25, 9, '12', '11');
INSERT INTO RACE_DETAILS (ID_RACE, ID_DRIVER, ID_DRIVER_TEAM, START_POS, END_POS) VALUES (15, 12, 6, '7', '12');
INSERT INTO RACE_DETAILS (ID_RACE, ID_DRIVER, ID_DRIVER_TEAM, START_POS, END_POS) VALUES (15, 18, 7, '15', '13');
INSERT INTO RACE_DETAILS (ID_RACE, ID_DRIVER, ID_DRIVER_TEAM, START_POS, END_POS) VALUES (15, 14, 2, '16', '14');
INSERT INTO RACE_DETAILS (ID_RACE, ID_DRIVER, ID_DRIVER_TEAM, START_POS, END_POS) VALUES (15, 13, 10, '17', '15');
INSERT INTO RACE_DETAILS (ID_RACE, ID_DRIVER, ID_DRIVER_TEAM, START_POS, END_POS) VALUES (15, 6, 5, '20', '16');
INSERT INTO RACE_DETAILS (ID_RACE, ID_DRIVER, ID_DRIVER_TEAM, START_POS, END_POS) VALUES (15, 8, 3, '13', '17');
INSERT INTO RACE_DETAILS (ID_RACE, ID_DRIVER, ID_DRIVER_TEAM, START_POS, END_POS) VALUES (15, 16, 3, '19', '18');
INSERT INTO RACE_DETAILS (ID_RACE, ID_DRIVER, ID_DRIVER_TEAM, START_POS, END_POS) VALUES (15, 11, 10, '18', 'OUT');
INSERT INTO RACE_DETAILS (ID_RACE, ID_DRIVER, ID_DRIVER_TEAM, START_POS, END_POS) VALUES (15, 15, 9, '11', 'OUT');
INSERT INTO RACE_DETAILS (ID_RACE, ID_DRIVER, ID_DRIVER_TEAM, START_POS, END_POS) VALUES (16, 5, 1, '1', '1');
INSERT INTO RACE_DETAILS (ID_RACE, ID_DRIVER, ID_DRIVER_TEAM, START_POS, END_POS) VALUES (16, 1, 6, '4', '2');
INSERT INTO RACE_DETAILS (ID_RACE, ID_DRIVER, ID_DRIVER_TEAM, START_POS, END_POS) VALUES (16, 4, 4, '5', '3');
INSERT INTO RACE_DETAILS (ID_RACE, ID_DRIVER, ID_DRIVER_TEAM, START_POS, END_POS) VALUES (16, 9, 1, '3', '4');
INSERT INTO RACE_DETAILS (ID_RACE, ID_DRIVER, ID_DRIVER_TEAM, START_POS, END_POS) VALUES (16, 20, 8, '11', '5');
INSERT INTO RACE_DETAILS (ID_RACE, ID_DRIVER, ID_DRIVER_TEAM, START_POS, END_POS) VALUES (16, 13, 10, '12', '6');
INSERT INTO RACE_DETAILS (ID_RACE, ID_DRIVER, ID_DRIVER_TEAM, START_POS, END_POS) VALUES (16, 12, 6, '17', '7');
INSERT INTO RACE_DETAILS (ID_RACE, ID_DRIVER, ID_DRIVER_TEAM, START_POS, END_POS) VALUES (16, 2, 8, '13', '8');
INSERT INTO RACE_DETAILS (ID_RACE, ID_DRIVER, ID_DRIVER_TEAM, START_POS, END_POS) VALUES (16, 25, 9, '10', '9');
INSERT INTO RACE_DETAILS (ID_RACE, ID_DRIVER, ID_DRIVER_TEAM, START_POS, END_POS) VALUES (16, 16, 3, '6', '10');
INSERT INTO RACE_DETAILS (ID_RACE, ID_DRIVER, ID_DRIVER_TEAM, START_POS, END_POS) VALUES (16, 17, 7, '14', '11');
INSERT INTO RACE_DETAILS (ID_RACE, ID_DRIVER, ID_DRIVER_TEAM, START_POS, END_POS) VALUES (16, 14, 2, '19', '12');
INSERT INTO RACE_DETAILS (ID_RACE, ID_DRIVER, ID_DRIVER_TEAM, START_POS, END_POS) VALUES (16, 8, 3, '9', '13');
INSERT INTO RACE_DETAILS (ID_RACE, ID_DRIVER, ID_DRIVER_TEAM, START_POS, END_POS) VALUES (16, 18, 7, '18', '14');
INSERT INTO RACE_DETAILS (ID_RACE, ID_DRIVER, ID_DRIVER_TEAM, START_POS, END_POS) VALUES (16, 3, 5, '7', '15');
INSERT INTO RACE_DETAILS (ID_RACE, ID_DRIVER, ID_DRIVER_TEAM, START_POS, END_POS) VALUES (16, 7, 4, '2', '16');
INSERT INTO RACE_DETAILS (ID_RACE, ID_DRIVER, ID_DRIVER_TEAM, START_POS, END_POS) VALUES (16, 10, 2, '16', 'OUT');
INSERT INTO RACE_DETAILS (ID_RACE, ID_DRIVER, ID_DRIVER_TEAM, START_POS, END_POS) VALUES (16, 11, 10, '8', 'OUT');
INSERT INTO RACE_DETAILS (ID_RACE, ID_DRIVER, ID_DRIVER_TEAM, START_POS, END_POS) VALUES (16, 15, 9, '15', 'OUT');
INSERT INTO RACE_DETAILS (ID_RACE, ID_DRIVER, ID_DRIVER_TEAM, START_POS, END_POS) VALUES (16, 6, 5, '20', 'OUT');
INSERT INTO RACE_DETAILS (ID_RACE, ID_DRIVER, ID_DRIVER_TEAM, START_POS, END_POS) VALUES (17, 20, 8, '1', '1');
INSERT INTO RACE_DETAILS (ID_RACE, ID_DRIVER, ID_DRIVER_TEAM, START_POS, END_POS) VALUES (17, 1, 6, '3', '2');
INSERT INTO RACE_DETAILS (ID_RACE, ID_DRIVER, ID_DRIVER_TEAM, START_POS, END_POS) VALUES (17, 12, 6, '2', '3');
INSERT INTO RACE_DETAILS (ID_RACE, ID_DRIVER, ID_DRIVER_TEAM, START_POS, END_POS) VALUES (17, 9, 1, '4', '4');
INSERT INTO RACE_DETAILS (ID_RACE, ID_DRIVER, ID_DRIVER_TEAM, START_POS, END_POS) VALUES (17, 4, 4, '7', '5');
INSERT INTO RACE_DETAILS (ID_RACE, ID_DRIVER, ID_DRIVER_TEAM, START_POS, END_POS) VALUES (17, 5, 1, '6', '6');
INSERT INTO RACE_DETAILS (ID_RACE, ID_DRIVER, ID_DRIVER_TEAM, START_POS, END_POS) VALUES (17, 7, 4, '8', '7');
INSERT INTO RACE_DETAILS (ID_RACE, ID_DRIVER, ID_DRIVER_TEAM, START_POS, END_POS) VALUES (17, 3, 5, '10', '8');
INSERT INTO RACE_DETAILS (ID_RACE, ID_DRIVER, ID_DRIVER_TEAM, START_POS, END_POS) VALUES (17, 11, 10, '14', '9');
INSERT INTO RACE_DETAILS (ID_RACE, ID_DRIVER, ID_DRIVER_TEAM, START_POS, END_POS) VALUES (17, 13, 10, '12', '10');
INSERT INTO RACE_DETAILS (ID_RACE, ID_DRIVER, ID_DRIVER_TEAM, START_POS, END_POS) VALUES (17, 25, 9, '11', '11');
INSERT INTO RACE_DETAILS (ID_RACE, ID_DRIVER, ID_DRIVER_TEAM, START_POS, END_POS) VALUES (17, 15, 9, '9', '12');
INSERT INTO RACE_DETAILS (ID_RACE, ID_DRIVER, ID_DRIVER_TEAM, START_POS, END_POS) VALUES (17, 14, 2, '19', '13');
INSERT INTO RACE_DETAILS (ID_RACE, ID_DRIVER, ID_DRIVER_TEAM, START_POS, END_POS) VALUES (17, 8, 3, '18', '14');
INSERT INTO RACE_DETAILS (ID_RACE, ID_DRIVER, ID_DRIVER_TEAM, START_POS, END_POS) VALUES (17, 16, 3, '15', '15');
INSERT INTO RACE_DETAILS (ID_RACE, ID_DRIVER, ID_DRIVER_TEAM, START_POS, END_POS) VALUES (17, 17, 7, '13', 'OUT');
INSERT INTO RACE_DETAILS (ID_RACE, ID_DRIVER, ID_DRIVER_TEAM, START_POS, END_POS) VALUES (17, 18, 7, '20', 'OUT');
INSERT INTO RACE_DETAILS (ID_RACE, ID_DRIVER, ID_DRIVER_TEAM, START_POS, END_POS) VALUES (17, 6, 5, '17', 'OUT');
INSERT INTO RACE_DETAILS (ID_RACE, ID_DRIVER, ID_DRIVER_TEAM, START_POS, END_POS) VALUES (17, 2, 8, '5', 'OUT');
INSERT INTO RACE_DETAILS (ID_RACE, ID_DRIVER, ID_DRIVER_TEAM, START_POS, END_POS) VALUES (17, 10, 2, '16', 'OUT');
INSERT INTO RACE_DETAILS (ID_RACE, ID_DRIVER, ID_DRIVER_TEAM, START_POS, END_POS) VALUES (18, 20, 8, '1', '1');
INSERT INTO RACE_DETAILS (ID_RACE, ID_DRIVER, ID_DRIVER_TEAM, START_POS, END_POS) VALUES (18, 12, 6, '6', '2');
INSERT INTO RACE_DETAILS (ID_RACE, ID_DRIVER, ID_DRIVER_TEAM, START_POS, END_POS) VALUES (18, 1, 6, '10', '3');
INSERT INTO RACE_DETAILS (ID_RACE, ID_DRIVER, ID_DRIVER_TEAM, START_POS, END_POS) VALUES (18, 7, 4, '2', '4');
INSERT INTO RACE_DETAILS (ID_RACE, ID_DRIVER, ID_DRIVER_TEAM, START_POS, END_POS) VALUES (18, 9, 1, '5', '5');
INSERT INTO RACE_DETAILS (ID_RACE, ID_DRIVER, ID_DRIVER_TEAM, START_POS, END_POS) VALUES (18, 3, 5, '4', '6');
INSERT INTO RACE_DETAILS (ID_RACE, ID_DRIVER, ID_DRIVER_TEAM, START_POS, END_POS) VALUES (18, 11, 10, '8', '7');
INSERT INTO RACE_DETAILS (ID_RACE, ID_DRIVER, ID_DRIVER_TEAM, START_POS, END_POS) VALUES (18, 10, 2, '9', '8');
INSERT INTO RACE_DETAILS (ID_RACE, ID_DRIVER, ID_DRIVER_TEAM, START_POS, END_POS) VALUES (18, 14, 2, '19', '9');
INSERT INTO RACE_DETAILS (ID_RACE, ID_DRIVER, ID_DRIVER_TEAM, START_POS, END_POS) VALUES (18, 2, 8, '20', '10');
INSERT INTO RACE_DETAILS (ID_RACE, ID_DRIVER, ID_DRIVER_TEAM, START_POS, END_POS) VALUES (18, 6, 5, '16', '11');
INSERT INTO RACE_DETAILS (ID_RACE, ID_DRIVER, ID_DRIVER_TEAM, START_POS, END_POS) VALUES (18, 13, 10, '7', '12');
INSERT INTO RACE_DETAILS (ID_RACE, ID_DRIVER, ID_DRIVER_TEAM, START_POS, END_POS) VALUES (18, 17, 7, '13', '13');
INSERT INTO RACE_DETAILS (ID_RACE, ID_DRIVER, ID_DRIVER_TEAM, START_POS, END_POS) VALUES (18, 16, 3, '18', '14');
INSERT INTO RACE_DETAILS (ID_RACE, ID_DRIVER, ID_DRIVER_TEAM, START_POS, END_POS) VALUES (18, 15, 9, '11', '15');
INSERT INTO RACE_DETAILS (ID_RACE, ID_DRIVER, ID_DRIVER_TEAM, START_POS, END_POS) VALUES (18, 8, 3, '14', '16');
INSERT INTO RACE_DETAILS (ID_RACE, ID_DRIVER, ID_DRIVER_TEAM, START_POS, END_POS) VALUES (18, 25, 9, '17', '17');
INSERT INTO RACE_DETAILS (ID_RACE, ID_DRIVER, ID_DRIVER_TEAM, START_POS, END_POS) VALUES (18, 18, 7, '15', 'OUT');
INSERT INTO RACE_DETAILS (ID_RACE, ID_DRIVER, ID_DRIVER_TEAM, START_POS, END_POS) VALUES (18, 4, 4, '3', 'OUT');
INSERT INTO RACE_DETAILS (ID_RACE, ID_DRIVER, ID_DRIVER_TEAM, START_POS, END_POS) VALUES (18, 5, 1, '12', 'OUT');
INSERT INTO RACE_DETAILS (ID_RACE, ID_DRIVER, ID_DRIVER_TEAM, START_POS, END_POS) VALUES (19, 20, 8, '6', '1');
INSERT INTO RACE_DETAILS (ID_RACE, ID_DRIVER, ID_DRIVER_TEAM, START_POS, END_POS) VALUES (19, 4, 4, '3', '2');
INSERT INTO RACE_DETAILS (ID_RACE, ID_DRIVER, ID_DRIVER_TEAM, START_POS, END_POS) VALUES (19, 1, 6, '2', '3');
INSERT INTO RACE_DETAILS (ID_RACE, ID_DRIVER, ID_DRIVER_TEAM, START_POS, END_POS) VALUES (19, 5, 1, '4', '4');
INSERT INTO RACE_DETAILS (ID_RACE, ID_DRIVER, ID_DRIVER_TEAM, START_POS, END_POS) VALUES (19, 2, 8, '9', '5');
INSERT INTO RACE_DETAILS (ID_RACE, ID_DRIVER, ID_DRIVER_TEAM, START_POS, END_POS) VALUES (19, 9, 1, '1', '6');
INSERT INTO RACE_DETAILS (ID_RACE, ID_DRIVER, ID_DRIVER_TEAM, START_POS, END_POS) VALUES (19, 7, 4, '5', '7');
INSERT INTO RACE_DETAILS (ID_RACE, ID_DRIVER, ID_DRIVER_TEAM, START_POS, END_POS) VALUES (19, 13, 10, '7', '8');
INSERT INTO RACE_DETAILS (ID_RACE, ID_DRIVER, ID_DRIVER_TEAM, START_POS, END_POS) VALUES (19, 6, 5, '20', '9');
INSERT INTO RACE_DETAILS (ID_RACE, ID_DRIVER, ID_DRIVER_TEAM, START_POS, END_POS) VALUES (19, 15, 9, '11', '10');
INSERT INTO RACE_DETAILS (ID_RACE, ID_DRIVER, ID_DRIVER_TEAM, START_POS, END_POS) VALUES (19, 17, 7, '15', '11');
INSERT INTO RACE_DETAILS (ID_RACE, ID_DRIVER, ID_DRIVER_TEAM, START_POS, END_POS) VALUES (19, 18, 7, '16', '12');
INSERT INTO RACE_DETAILS (ID_RACE, ID_DRIVER, ID_DRIVER_TEAM, START_POS, END_POS) VALUES (19, 8, 3, '', '13');
INSERT INTO RACE_DETAILS (ID_RACE, ID_DRIVER, ID_DRIVER_TEAM, START_POS, END_POS) VALUES (19, 10, 2, '13', '14');
INSERT INTO RACE_DETAILS (ID_RACE, ID_DRIVER, ID_DRIVER_TEAM, START_POS, END_POS) VALUES (19, 14, 2, '12', '15');
INSERT INTO RACE_DETAILS (ID_RACE, ID_DRIVER, ID_DRIVER_TEAM, START_POS, END_POS) VALUES (19, 16, 3, '17', '16');
INSERT INTO RACE_DETAILS (ID_RACE, ID_DRIVER, ID_DRIVER_TEAM, START_POS, END_POS) VALUES (19, 21, 9, '14', '17');
INSERT INTO RACE_DETAILS (ID_RACE, ID_DRIVER, ID_DRIVER_TEAM, START_POS, END_POS) VALUES (19, 3, 5, '19', 'OUT');
INSERT INTO RACE_DETAILS (ID_RACE, ID_DRIVER, ID_DRIVER_TEAM, START_POS, END_POS) VALUES (19, 12, 6, '10', 'OUT');
INSERT INTO RACE_DETAILS (ID_RACE, ID_DRIVER, ID_DRIVER_TEAM, START_POS, END_POS) VALUES (19, 11, 10, '8', 'OUT');
INSERT INTO RACE_DETAILS (ID_RACE, ID_DRIVER, ID_DRIVER_TEAM, START_POS, END_POS) VALUES (20, 20, 8, '3', '1');
INSERT INTO RACE_DETAILS (ID_RACE, ID_DRIVER, ID_DRIVER_TEAM, START_POS, END_POS) VALUES (20, 4, 4, '6', '2');
INSERT INTO RACE_DETAILS (ID_RACE, ID_DRIVER, ID_DRIVER_TEAM, START_POS, END_POS) VALUES (20, 9, 1, '1', '3');
INSERT INTO RACE_DETAILS (ID_RACE, ID_DRIVER, ID_DRIVER_TEAM, START_POS, END_POS) VALUES (20, 5, 1, '2', '4');
INSERT INTO RACE_DETAILS (ID_RACE, ID_DRIVER, ID_DRIVER_TEAM, START_POS, END_POS) VALUES (20, 1, 6, '17', '5');
INSERT INTO RACE_DETAILS (ID_RACE, ID_DRIVER, ID_DRIVER_TEAM, START_POS, END_POS) VALUES (20, 7, 4, '8', '6');
INSERT INTO RACE_DETAILS (ID_RACE, ID_DRIVER, ID_DRIVER_TEAM, START_POS, END_POS) VALUES (20, 21, 9, '4', '7');
INSERT INTO RACE_DETAILS (ID_RACE, ID_DRIVER, ID_DRIVER_TEAM, START_POS, END_POS) VALUES (20, 12, 6, '7', '8');
INSERT INTO RACE_DETAILS (ID_RACE, ID_DRIVER, ID_DRIVER_TEAM, START_POS, END_POS) VALUES (20, 17, 7, '14', '9');
INSERT INTO RACE_DETAILS (ID_RACE, ID_DRIVER, ID_DRIVER_TEAM, START_POS, END_POS) VALUES (20, 11, 10, '15', '10');
INSERT INTO RACE_DETAILS (ID_RACE, ID_DRIVER, ID_DRIVER_TEAM, START_POS, END_POS) VALUES (20, 13, 10, '11', '11');
INSERT INTO RACE_DETAILS (ID_RACE, ID_DRIVER, ID_DRIVER_TEAM, START_POS, END_POS) VALUES (20, 15, 9, '18', '12');
INSERT INTO RACE_DETAILS (ID_RACE, ID_DRIVER, ID_DRIVER_TEAM, START_POS, END_POS) VALUES (20, 8, 3, '12', '13');
INSERT INTO RACE_DETAILS (ID_RACE, ID_DRIVER, ID_DRIVER_TEAM, START_POS, END_POS) VALUES (20, 14, 2, '10', '14');
INSERT INTO RACE_DETAILS (ID_RACE, ID_DRIVER, ID_DRIVER_TEAM, START_POS, END_POS) VALUES (20, 10, 2, '9', '15');
INSERT INTO RACE_DETAILS (ID_RACE, ID_DRIVER, ID_DRIVER_TEAM, START_POS, END_POS) VALUES (20, 18, 7, '19', '16');
INSERT INTO RACE_DETAILS (ID_RACE, ID_DRIVER, ID_DRIVER_TEAM, START_POS, END_POS) VALUES (20, 6, 5, '20', '17');
INSERT INTO RACE_DETAILS (ID_RACE, ID_DRIVER, ID_DRIVER_TEAM, START_POS, END_POS) VALUES (20, 3, 5, '13', 'OUT');
INSERT INTO RACE_DETAILS (ID_RACE, ID_DRIVER, ID_DRIVER_TEAM, START_POS, END_POS) VALUES (20, 16, 3, '16', 'OUT');
INSERT INTO RACE_DETAILS (ID_RACE, ID_DRIVER, ID_DRIVER_TEAM, START_POS, END_POS) VALUES (20, 2, 8, '5', 'OUT');
INSERT INTO RACE_DETAILS (ID_RACE, ID_DRIVER, ID_DRIVER_TEAM, START_POS, END_POS) VALUES (21, 20, 8, '1', '1');
INSERT INTO RACE_DETAILS (ID_RACE, ID_DRIVER, ID_DRIVER_TEAM, START_POS, END_POS) VALUES (21, 1, 6, '6', '2');
INSERT INTO RACE_DETAILS (ID_RACE, ID_DRIVER, ID_DRIVER_TEAM, START_POS, END_POS) VALUES (21, 3, 5, '4', '3');
INSERT INTO RACE_DETAILS (ID_RACE, ID_DRIVER, ID_DRIVER_TEAM, START_POS, END_POS) VALUES (21, 2, 8, '9', '4');
INSERT INTO RACE_DETAILS (ID_RACE, ID_DRIVER, ID_DRIVER_TEAM, START_POS, END_POS) VALUES (21, 6, 5, '3', '5');
INSERT INTO RACE_DETAILS (ID_RACE, ID_DRIVER, ID_DRIVER_TEAM, START_POS, END_POS) VALUES (21, 5, 1, '7', '6');
INSERT INTO RACE_DETAILS (ID_RACE, ID_DRIVER, ID_DRIVER_TEAM, START_POS, END_POS) VALUES (21, 13, 10, '15', '7');
INSERT INTO RACE_DETAILS (ID_RACE, ID_DRIVER, ID_DRIVER_TEAM, START_POS, END_POS) VALUES (21, 4, 4, '5', '8');
INSERT INTO RACE_DETAILS (ID_RACE, ID_DRIVER, ID_DRIVER_TEAM, START_POS, END_POS) VALUES (21, 15, 9, '16', '9');
INSERT INTO RACE_DETAILS (ID_RACE, ID_DRIVER, ID_DRIVER_TEAM, START_POS, END_POS) VALUES (21, 11, 10, '14', '10');
INSERT INTO RACE_DETAILS (ID_RACE, ID_DRIVER, ID_DRIVER_TEAM, START_POS, END_POS) VALUES (21, 18, 7, '19', '11');
INSERT INTO RACE_DETAILS (ID_RACE, ID_DRIVER, ID_DRIVER_TEAM, START_POS, END_POS) VALUES (21, 8, 3, '11', '12');
INSERT INTO RACE_DETAILS (ID_RACE, ID_DRIVER, ID_DRIVER_TEAM, START_POS, END_POS) VALUES (21, 21, 9, '17', '13');
INSERT INTO RACE_DETAILS (ID_RACE, ID_DRIVER, ID_DRIVER_TEAM, START_POS, END_POS) VALUES (21, 12, 6, '10', '14');
INSERT INTO RACE_DETAILS (ID_RACE, ID_DRIVER, ID_DRIVER_TEAM, START_POS, END_POS) VALUES (21, 7, 4, '8', 'OUT');
INSERT INTO RACE_DETAILS (ID_RACE, ID_DRIVER, ID_DRIVER_TEAM, START_POS, END_POS) VALUES (21, 10, 2, '18', 'OUT');
INSERT INTO RACE_DETAILS (ID_RACE, ID_DRIVER, ID_DRIVER_TEAM, START_POS, END_POS) VALUES (21, 14, 2, '20', 'OUT');
INSERT INTO RACE_DETAILS (ID_RACE, ID_DRIVER, ID_DRIVER_TEAM, START_POS, END_POS) VALUES (21, 16, 3, '12', 'OUT');
INSERT INTO RACE_DETAILS (ID_RACE, ID_DRIVER, ID_DRIVER_TEAM, START_POS, END_POS) VALUES (21, 17, 7, '13', 'OUT');
INSERT INTO RACE_DETAILS (ID_RACE, ID_DRIVER, ID_DRIVER_TEAM, START_POS, END_POS) VALUES (21, 9, 1, '2', 'OUT');
INSERT INTO RACE_DETAILS (ID_RACE, ID_DRIVER, ID_DRIVER_TEAM, START_POS, END_POS) VALUES (22, 20, 8, '2', '1');
INSERT INTO RACE_DETAILS (ID_RACE, ID_DRIVER, ID_DRIVER_TEAM, START_POS, END_POS) VALUES (22, 9, 1, '1', '2');
INSERT INTO RACE_DETAILS (ID_RACE, ID_DRIVER, ID_DRIVER_TEAM, START_POS, END_POS) VALUES (22, 2, 8, '11', '3');
INSERT INTO RACE_DETAILS (ID_RACE, ID_DRIVER, ID_DRIVER_TEAM, START_POS, END_POS) VALUES (22, 11, 10, '16', '4');
INSERT INTO RACE_DETAILS (ID_RACE, ID_DRIVER, ID_DRIVER_TEAM, START_POS, END_POS) VALUES (22, 6, 5, '19', '5');
INSERT INTO RACE_DETAILS (ID_RACE, ID_DRIVER, ID_DRIVER_TEAM, START_POS, END_POS) VALUES (22, 5, 1, '12', '6');
INSERT INTO RACE_DETAILS (ID_RACE, ID_DRIVER, ID_DRIVER_TEAM, START_POS, END_POS) VALUES (22, 4, 4, '10', '7');
INSERT INTO RACE_DETAILS (ID_RACE, ID_DRIVER, ID_DRIVER_TEAM, START_POS, END_POS) VALUES (22, 7, 4, '3', '8');
INSERT INTO RACE_DETAILS (ID_RACE, ID_DRIVER, ID_DRIVER_TEAM, START_POS, END_POS) VALUES (22, 3, 5, '9', '9');
INSERT INTO RACE_DETAILS (ID_RACE, ID_DRIVER, ID_DRIVER_TEAM, START_POS, END_POS) VALUES (22, 12, 6, '18', '10');
INSERT INTO RACE_DETAILS (ID_RACE, ID_DRIVER, ID_DRIVER_TEAM, START_POS, END_POS) VALUES (22, 13, 10, '4', '11');
INSERT INTO RACE_DETAILS (ID_RACE, ID_DRIVER, ID_DRIVER_TEAM, START_POS, END_POS) VALUES (22, 17, 7, '5', '12');
INSERT INTO RACE_DETAILS (ID_RACE, ID_DRIVER, ID_DRIVER_TEAM, START_POS, END_POS) VALUES (22, 16, 3, '8', '13');
INSERT INTO RACE_DETAILS (ID_RACE, ID_DRIVER, ID_DRIVER_TEAM, START_POS, END_POS) VALUES (22, 21, 9, '14', '14');
INSERT INTO RACE_DETAILS (ID_RACE, ID_DRIVER, ID_DRIVER_TEAM, START_POS, END_POS) VALUES (22, 14, 2, '17', '15');
INSERT INTO RACE_DETAILS (ID_RACE, ID_DRIVER, ID_DRIVER_TEAM, START_POS, END_POS) VALUES (22, 18, 7, '6', '16');
INSERT INTO RACE_DETAILS (ID_RACE, ID_DRIVER, ID_DRIVER_TEAM, START_POS, END_POS) VALUES (22, 10, 2, '7', '17');
INSERT INTO RACE_DETAILS (ID_RACE, ID_DRIVER, ID_DRIVER_TEAM, START_POS, END_POS) VALUES (22, 15, 9, '20', '18');
INSERT INTO RACE_DETAILS (ID_RACE, ID_DRIVER, ID_DRIVER_TEAM, START_POS, END_POS) VALUES (22, 8, 3, '13', '19');
INSERT INTO RACE_DETAILS (ID_RACE, ID_DRIVER, ID_DRIVER_TEAM, START_POS, END_POS) VALUES (22, 1, 6, '15', 'OUT');
INSERT INTO RACE_DETAILS (ID_RACE, ID_DRIVER, ID_DRIVER_TEAM, START_POS, END_POS) VALUES (23, 20, 8, '1', '1');
INSERT INTO RACE_DETAILS (ID_RACE, ID_DRIVER, ID_DRIVER_TEAM, START_POS, END_POS) VALUES (23, 9, 1, '2', '2');
INSERT INTO RACE_DETAILS (ID_RACE, ID_DRIVER, ID_DRIVER_TEAM, START_POS, END_POS) VALUES (23, 7, 4, '4', '3');
INSERT INTO RACE_DETAILS (ID_RACE, ID_DRIVER, ID_DRIVER_TEAM, START_POS, END_POS) VALUES (23, 2, 8, '9', '4');
INSERT INTO RACE_DETAILS (ID_RACE, ID_DRIVER, ID_DRIVER_TEAM, START_POS, END_POS) VALUES (23, 1, 6, '5', '5');
INSERT INTO RACE_DETAILS (ID_RACE, ID_DRIVER, ID_DRIVER_TEAM, START_POS, END_POS) VALUES (23, 12, 6, '3', '6');
INSERT INTO RACE_DETAILS (ID_RACE, ID_DRIVER, ID_DRIVER_TEAM, START_POS, END_POS) VALUES (23, 3, 5, '7', '7');
INSERT INTO RACE_DETAILS (ID_RACE, ID_DRIVER, ID_DRIVER_TEAM, START_POS, END_POS) VALUES (23, 15, 9, '6', '8');
INSERT INTO RACE_DETAILS (ID_RACE, ID_DRIVER, ID_DRIVER_TEAM, START_POS, END_POS) VALUES (23, 4, 4, '11', '9');
INSERT INTO RACE_DETAILS (ID_RACE, ID_DRIVER, ID_DRIVER_TEAM, START_POS, END_POS) VALUES (23, 6, 5, '13', '10');
INSERT INTO RACE_DETAILS (ID_RACE, ID_DRIVER, ID_DRIVER_TEAM, START_POS, END_POS) VALUES (23, 21, 9, '15', '11');
INSERT INTO RACE_DETAILS (ID_RACE, ID_DRIVER, ID_DRIVER_TEAM, START_POS, END_POS) VALUES (23, 11, 10, '12', '12');
INSERT INTO RACE_DETAILS (ID_RACE, ID_DRIVER, ID_DRIVER_TEAM, START_POS, END_POS) VALUES (23, 13, 10, '10', '13');
INSERT INTO RACE_DETAILS (ID_RACE, ID_DRIVER, ID_DRIVER_TEAM, START_POS, END_POS) VALUES (23, 17, 7, '14', '14');
INSERT INTO RACE_DETAILS (ID_RACE, ID_DRIVER, ID_DRIVER_TEAM, START_POS, END_POS) VALUES (23, 8, 3, '8', '15');
INSERT INTO RACE_DETAILS (ID_RACE, ID_DRIVER, ID_DRIVER_TEAM, START_POS, END_POS) VALUES (23, 18, 7, '20', '16');
INSERT INTO RACE_DETAILS (ID_RACE, ID_DRIVER, ID_DRIVER_TEAM, START_POS, END_POS) VALUES (23, 14, 2, '19', '17');
INSERT INTO RACE_DETAILS (ID_RACE, ID_DRIVER, ID_DRIVER_TEAM, START_POS, END_POS) VALUES (23, 5, 1, '16', '18');
INSERT INTO RACE_DETAILS (ID_RACE, ID_DRIVER, ID_DRIVER_TEAM, START_POS, END_POS) VALUES (23, 10, 2, '18', '19');
INSERT INTO RACE_DETAILS (ID_RACE, ID_DRIVER, ID_DRIVER_TEAM, START_POS, END_POS) VALUES (23, 16, 3, '17', '20');



INSERT INTO DRIVERS_STANDS (ID, ID_SEASON, ID_DRIVER, ID_DRIVER_TEAM, POINTS) VALUES (1, 2023, 20, 8, 575);
INSERT INTO DRIVERS_STANDS (ID, ID_SEASON, ID_DRIVER, ID_DRIVER_TEAM, POINTS) VALUES (2, 2023, 2, 8, 285);
INSERT INTO DRIVERS_STANDS (ID, ID_SEASON, ID_DRIVER, ID_DRIVER_TEAM, POINTS) VALUES (3, 2023, 4, 4, 234);
INSERT INTO DRIVERS_STANDS (ID, ID_SEASON, ID_DRIVER, ID_DRIVER_TEAM, POINTS) VALUES (4, 2023, 3, 5, 206);
INSERT INTO DRIVERS_STANDS (ID, ID_SEASON, ID_DRIVER, ID_DRIVER_TEAM, POINTS) VALUES (5, 2023, 9, 1, 206);
INSERT INTO DRIVERS_STANDS (ID, ID_SEASON, ID_DRIVER, ID_DRIVER_TEAM, POINTS) VALUES (6, 2023, 1, 6, 205);
INSERT INTO DRIVERS_STANDS (ID, ID_SEASON, ID_DRIVER, ID_DRIVER_TEAM, POINTS) VALUES (7, 2023, 5, 1, 200);
INSERT INTO DRIVERS_STANDS (ID, ID_SEASON, ID_DRIVER, ID_DRIVER_TEAM, POINTS) VALUES (8, 2023, 7, 4, 175);
INSERT INTO DRIVERS_STANDS (ID, ID_SEASON, ID_DRIVER, ID_DRIVER_TEAM, POINTS) VALUES (9, 2023, 12, 6, 97);
INSERT INTO DRIVERS_STANDS (ID, ID_SEASON, ID_DRIVER, ID_DRIVER_TEAM, POINTS) VALUES (10, 2023, 6, 5, 74);
INSERT INTO DRIVERS_STANDS (ID, ID_SEASON, ID_DRIVER, ID_DRIVER_TEAM, POINTS) VALUES (11, 2023, 13, 10, 62);
INSERT INTO DRIVERS_STANDS (ID, ID_SEASON, ID_DRIVER, ID_DRIVER_TEAM, POINTS) VALUES (12, 2023, 11, 10, 58);
INSERT INTO DRIVERS_STANDS (ID, ID_SEASON, ID_DRIVER, ID_DRIVER_TEAM, POINTS) VALUES (13, 2023, 17, 7, 27);
INSERT INTO DRIVERS_STANDS (ID, ID_SEASON, ID_DRIVER, ID_DRIVER_TEAM, POINTS) VALUES (14, 2023, 15, 9, 17);
INSERT INTO DRIVERS_STANDS (ID, ID_SEASON, ID_DRIVER, ID_DRIVER_TEAM, POINTS) VALUES (15, 2023, 10, 2, 10);
INSERT INTO DRIVERS_STANDS (ID, ID_SEASON, ID_DRIVER, ID_DRIVER_TEAM, POINTS) VALUES (16, 2023, 8, 3, 9);
INSERT INTO DRIVERS_STANDS (ID, ID_SEASON, ID_DRIVER, ID_DRIVER_TEAM, POINTS) VALUES (17, 2023, 21, 9, 6);
INSERT INTO DRIVERS_STANDS (ID, ID_SEASON, ID_DRIVER, ID_DRIVER_TEAM, POINTS) VALUES (18, 2023, 14, 2, 6);
INSERT INTO DRIVERS_STANDS (ID, ID_SEASON, ID_DRIVER, ID_DRIVER_TEAM, POINTS) VALUES (19, 2023, 16, 3, 3);
INSERT INTO DRIVERS_STANDS (ID, ID_SEASON, ID_DRIVER, ID_DRIVER_TEAM, POINTS) VALUES (20, 2023, 25, 9, 2);
INSERT INTO DRIVERS_STANDS (ID, ID_SEASON, ID_DRIVER, ID_DRIVER_TEAM, POINTS) VALUES (21, 2023, 18, 7, 1);
INSERT INTO DRIVERS_STANDS (ID, ID_SEASON, ID_DRIVER, ID_DRIVER_TEAM, POINTS) VALUES (22, 2023, 19, 9, 0);
INSERT INTO DRIVERS_STANDS (ID, ID_SEASON, ID_DRIVER, ID_DRIVER_TEAM, POINTS) VALUES (23, 2022, 20, 8, 454);
INSERT INTO DRIVERS_STANDS (ID, ID_SEASON, ID_DRIVER, ID_DRIVER_TEAM, POINTS) VALUES (24, 2022, 9, 1, 308);
INSERT INTO DRIVERS_STANDS (ID, ID_SEASON, ID_DRIVER, ID_DRIVER_TEAM, POINTS) VALUES (25, 2022, 2, 8, 305);
INSERT INTO DRIVERS_STANDS (ID, ID_SEASON, ID_DRIVER, ID_DRIVER_TEAM, POINTS) VALUES (26, 2022, 7, 4, 275);
INSERT INTO DRIVERS_STANDS (ID, ID_SEASON, ID_DRIVER, ID_DRIVER_TEAM, POINTS) VALUES (27, 2022, 5, 1, 246);
INSERT INTO DRIVERS_STANDS (ID, ID_SEASON, ID_DRIVER, ID_DRIVER_TEAM, POINTS) VALUES (28, 2022, 4, 4, 240);
INSERT INTO DRIVERS_STANDS (ID, ID_SEASON, ID_DRIVER, ID_DRIVER_TEAM, POINTS) VALUES (29, 2022, 1, 6, 122);
INSERT INTO DRIVERS_STANDS (ID, ID_SEASON, ID_DRIVER, ID_DRIVER_TEAM, POINTS) VALUES (30, 2022, 11, 10, 92);
INSERT INTO DRIVERS_STANDS (ID, ID_SEASON, ID_DRIVER, ID_DRIVER_TEAM, POINTS) VALUES (31, 2022, 3, 10, 81);
INSERT INTO DRIVERS_STANDS (ID, ID_SEASON, ID_DRIVER, ID_DRIVER_TEAM, POINTS) VALUES (32, 2022, 10, 2, 49);
INSERT INTO DRIVERS_STANDS (ID, ID_SEASON, ID_DRIVER, ID_DRIVER_TEAM, POINTS) VALUES (33, 2022, 21, 6, 37);
INSERT INTO DRIVERS_STANDS (ID, ID_SEASON, ID_DRIVER, ID_DRIVER_TEAM, POINTS) VALUES (34, 2022, 22, 5, 37);
INSERT INTO DRIVERS_STANDS (ID, ID_SEASON, ID_DRIVER, ID_DRIVER_TEAM, POINTS) VALUES (35, 2022, 16, 3, 25);
INSERT INTO DRIVERS_STANDS (ID, ID_SEASON, ID_DRIVER, ID_DRIVER_TEAM, POINTS) VALUES (36, 2022, 13, 9, 23);
INSERT INTO DRIVERS_STANDS (ID, ID_SEASON, ID_DRIVER, ID_DRIVER_TEAM, POINTS) VALUES (37, 2022, 6, 5, 18);
INSERT INTO DRIVERS_STANDS (ID, ID_SEASON, ID_DRIVER, ID_DRIVER_TEAM, POINTS) VALUES (38, 2022, 23, 3, 12);
INSERT INTO DRIVERS_STANDS (ID, ID_SEASON, ID_DRIVER, ID_DRIVER_TEAM, POINTS) VALUES (39, 2022, 15, 9, 12);
INSERT INTO DRIVERS_STANDS (ID, ID_SEASON, ID_DRIVER, ID_DRIVER_TEAM, POINTS) VALUES (40, 2022, 14, 2, 6);
INSERT INTO DRIVERS_STANDS (ID, ID_SEASON, ID_DRIVER, ID_DRIVER_TEAM, POINTS) VALUES (41, 2022, 17, 7, 4);
INSERT INTO DRIVERS_STANDS (ID, ID_SEASON, ID_DRIVER, ID_DRIVER_TEAM, POINTS) VALUES (42, 2022, 24, 7, 2);
INSERT INTO DRIVERS_STANDS (ID, ID_SEASON, ID_DRIVER, ID_DRIVER_TEAM, POINTS) VALUES (43, 2022, 19, 7, 2);
INSERT INTO DRIVERS_STANDS (ID, ID_SEASON, ID_DRIVER, ID_DRIVER_TEAM, POINTS) VALUES (44, 2022, 8, 5, 0);


INSERT INTO TEAMS_STANDS (ID, ID_SEASON, ID_TEAM, POINTS) VALUES (1, 2023, 8, 860);
INSERT INTO TEAMS_STANDS (ID, ID_SEASON, ID_TEAM, POINTS) VALUES (2, 2023, 4, 409);
INSERT INTO TEAMS_STANDS (ID, ID_SEASON, ID_TEAM, POINTS) VALUES (3, 2023, 1, 406);
INSERT INTO TEAMS_STANDS (ID, ID_SEASON, ID_TEAM, POINTS) VALUES (4, 2023, 6, 302);
INSERT INTO TEAMS_STANDS (ID, ID_SEASON, ID_TEAM, POINTS) VALUES (5, 2023, 5, 280);
INSERT INTO TEAMS_STANDS (ID, ID_SEASON, ID_TEAM, POINTS) VALUES (6, 2023, 10, 120);
INSERT INTO TEAMS_STANDS (ID, ID_SEASON, ID_TEAM, POINTS) VALUES (7, 2023, 7, 28);
INSERT INTO TEAMS_STANDS (ID, ID_SEASON, ID_TEAM, POINTS) VALUES (8, 2023, 9, 25);
INSERT INTO TEAMS_STANDS (ID, ID_SEASON, ID_TEAM, POINTS) VALUES (9, 2023, 2, 16);
INSERT INTO TEAMS_STANDS (ID, ID_SEASON, ID_TEAM, POINTS) VALUES (10, 2023, 3, 12);
INSERT INTO TEAMS_STANDS (ID, ID_SEASON, ID_TEAM, POINTS) VALUES (11, 2022, 8, 759);
INSERT INTO TEAMS_STANDS (ID, ID_SEASON, ID_TEAM, POINTS) VALUES (12, 2022, 1, 554);
INSERT INTO TEAMS_STANDS (ID, ID_SEASON, ID_TEAM, POINTS) VALUES (13, 2022, 4, 515);
INSERT INTO TEAMS_STANDS (ID, ID_SEASON, ID_TEAM, POINTS) VALUES (14, 2022, 10, 173);
INSERT INTO TEAMS_STANDS (ID, ID_SEASON, ID_TEAM, POINTS) VALUES (15, 2022, 6, 159);
INSERT INTO TEAMS_STANDS (ID, ID_SEASON, ID_TEAM, POINTS) VALUES (16, 2022, 2, 55);
INSERT INTO TEAMS_STANDS (ID, ID_SEASON, ID_TEAM, POINTS) VALUES (17, 2022, 5, 55);
INSERT INTO TEAMS_STANDS (ID, ID_SEASON, ID_TEAM, POINTS) VALUES (18, 2022, 3, 37);
INSERT INTO TEAMS_STANDS (ID, ID_SEASON, ID_TEAM, POINTS) VALUES (19, 2022, 9, 35);
INSERT INTO TEAMS_STANDS (ID, ID_SEASON, ID_TEAM, POINTS) VALUES (20, 2022, 7, 8);

select * from drivers;

-- 1. Visualizzare il numero di piloti provenienti dalla stessa nazione
select count(name) as numero_piloti, country
from drivers
group by country;

-- 2. Visualizzare "Nome - Motore" di tutti i piloti
select d.name, t.engine
from drivers d
inner join drivers_stands ds on  ds.id_driver = d.id
inner join teams t on t.id = ds.id_driver_team;

-- 3. Visualizzare il numero di team che usano lo stesso motore

select count(name) as 'Numero di team', engine
from teams
group by engine;

-- 4. Visualizzare il circuito con il numero maggiore di giri e il circuito con il numero minore di giri

select name, laps
from circuits
where laps = (select max(laps) from circuits) or laps = (select min(laps) from circuits);

-- 5. Visualizzare i circuiti con il record per giro pi alto e quello pi basso

select name as 'Nome circuito', wr_time as 'Record'
from circuits
where wr_time = (select max(wr_time) from circuits) or wr_time = (select min(wr_time) from circuits);

-- 6. Visualizzare i punti totali di ogni team di ogni stagione

select t.name as 'Team', s.year as 'Stagione', sum(points) as 'Punti'
from teams t
inner join teams_stands ts on t.id = ts.id_team
inner join seasons s on s.year = ts.id_season
group by t.name, s.year
order by t.name;

-- 7. Visualizzare il numero di gare che si svolgono in ogni mese (nome del mese)

select count(id) as 'Numero di gare', monthname(date_race) as 'Mese'
from races
group by monthname(date_race);

-- 8. Visualizzare la classifica dei Piloti del 2022 con i dati dei piloti e il team per cui corrono

select ds.points, d.name, t.name as 'Team'
from drivers d
inner join drivers_stands ds on d.id = ds.id_driver
inner join teams t on t.id = ds.id_driver_team
inner join seasons s on s.year = ds.id_season
where s.year = 2022
order by ds.points desc;

-- 9. Visualizzare il calendario della stagione 2023 con Data del GP, 
-- il nome del GP (Gran Premio di [nome paese]), luogo del GP ([nome citta, nome paese])
-- e il Circuito [nome circuito]

select r.date_race, concat('Gran Premio di ', c.country) as 'Evento', concat(c.city, ', ', c.country) as 'Luogo', c.name as 'Circuito'
from races r
inner join circuits c on c.id = r.id_circuit
inner join seasons s on r.id_season = s.year
where s.year = 2023
order by r.date_race asc;

-- 10. Visualizzare della stagione 2022 il nome del GP, l'anno, il mese, il pilota che
-- ha vinto, il pilota partito in pole position e il pilota che ha fatto il giro pi veloce

select concat('Gran Premio di ', c.country) as 'Evento', year(r.date_race) as 'Anno', 
	   monthname(r.date_race) as 'Mese', d1.name as 'Vincitore', 
       d2.name as 'Pole Position', d3.name as 'Giro Veloce'
from races r
inner join circuits c on c.id = r.id_circuit
inner join drivers d1 on r.id_driver_win = d1.id
inner join drivers d2 on r.id_driver_pole = d2.id
inner join drivers d3 on r.id_driver_fastlap = d3.id
inner join seasons s on r.id_season = s.year
where s.year = 2022
order by r.date_race asc;

-- 11. Visualizzare il numero di vittorie di ogni pilota della stagione 2022

select d.name, count(r.id_driver_win) as 'Numero vittorie'
from drivers d
inner join races r on r.id_driver_win = d.id
inner join seasons s on r.id_season = s.year
where s.year = 2022
group by d.id
order by count(r.id_driver_win) desc;

-- 12. Visualizzare il numero di ritiri per ogni gara

select r.date_race as 'Data',  concat('Gran Premio di ', c.country) as 'Evento', count(rd.end_pos) as 'Ritiri'
from race_details rd
inner join races r on rd.id_race = r.id
inner join circuits c on c.id = r.id_circuit
where rd.end_pos = 'OUT'
group by r.date_race, c.country
order by r.date_race;

-- 13. Visualizzare i piloti con pi partenze dal pit lane e quelli con meno

select d.name, count(rd.start_pos) as pit_lanes
from drivers d
inner join race_details rd on rd.id_driver = d.id
where rd.start_pos = 'PL'
group by d.name
having count(rd.start_pos) = (select max(pit_lanes) from 
(select count(rd2.start_pos) as pit_lanes from race_details rd2 where rd2.start_pos = 'PL' group by rd2.id_driver) as max_pits)
or count(rd.start_pos) = (select min(pit_lanes) from
(select count(rd3.start_pos) as pit_lanes from race_details rd3 where rd3.start_pos = 'PL' group by rd3.id_driver) as min_pits)
order by pit_lanes desc;

-- select id_driver, count(start_pos) from race_details where start_pos = 'PL' group by id_driver;

-- 14. Visualizzare il numero di volte in cui un pilota non ha finito la gara

select d.name, count(rd.end_pos) as 'Ritiri'
from race_details rd
inner join drivers d on rd.id_driver = d.id
where rd.end_pos = 'OUT'
group by d.name
order by count(rd.end_pos) desc;

-- 15. Visualizzare per ogni gara il PODIO (posizione di arrivo 1-2-3)

select r.date_race, concat(rd1.end_pos, ': ', d1.name) as 'Primo', concat(rd2.end_pos, ': ', d2.name) as 'Secondo', concat(rd3.end_pos, ': ', d3.name) as 'Terzo'
from races r
inner join race_details rd1 on rd1.id_race = r.id
inner join drivers d1 on rd1.id_driver = d1.id
inner join race_details rd2 on rd2.id_race = r.id
inner join drivers d2 on rd2.id_driver = d2.id
inner join race_details rd3 on rd3.id_race = r.id
inner join drivers d3 on rd3.id_driver = d3.id
where rd1.end_pos = '1' and rd2.end_pos = '2' and rd3.end_pos = '3'
order by r.date_race asc;
